assessment_name,description,category,test_type,url,text_for_embed
Global Skills Development Report,True,False,"K, I, P, S, M, V, F",https://www.shl.com/products/product-catalog/view/global-skills-development-report/,"Global Skills Development Report | True | False | K, I, P, S, M, V, F"
.NET Framework 4.5,True,True,K,https://www.shl.com/products/product-catalog/view/net-framework-4-5/,.NET Framework 4.5 | True | True | K
.NET MVC (New),True,False,K,https://www.shl.com/products/product-catalog/view/net-mvc-new/,.NET MVC (New) | True | False | K
.NET MVVM (New),True,False,K,https://www.shl.com/products/product-catalog/view/net-mvvm-new/,.NET MVVM (New) | True | False | K
.NET WCF (New),True,False,K,https://www.shl.com/products/product-catalog/view/net-wcf-new/,.NET WCF (New) | True | False | K
.NET WPF (New),True,False,K,https://www.shl.com/products/product-catalog/view/net-wpf-new/,.NET WPF (New) | True | False | K
.NET XAML (New),True,False,K,https://www.shl.com/products/product-catalog/view/net-xaml-new/,.NET XAML (New) | True | False | K
Accounts Payable (New),True,False,K,https://www.shl.com/products/product-catalog/view/accounts-payable-new/,Accounts Payable (New) | True | False | K
Accounts Payable Simulation (New),True,False,S,https://www.shl.com/products/product-catalog/view/accounts-payable-simulation-new/,Accounts Payable Simulation (New) | True | False | S
Accounts Receivable (New),True,False,K,https://www.shl.com/products/product-catalog/view/accounts-receivable-new/,Accounts Receivable (New) | True | False | K
Accounts Receivable Simulation (New),True,False,S,https://www.shl.com/products/product-catalog/view/accounts-receivable-simulation-new/,Accounts Receivable Simulation (New) | True | False | S
ADO.NET (New),True,False,K,https://www.shl.com/products/product-catalog/view/ado-net-new/,ADO.NET (New) | True | False | K
Adobe Experience Manager (New),True,False,K,https://www.shl.com/products/product-catalog/view/adobe-experience-manager-new/,Adobe Experience Manager (New) | True | False | K
Adobe Photoshop CC,True,True,K,https://www.shl.com/products/product-catalog/view/adobe-photoshop-cc/,Adobe Photoshop CC | True | True | K
Aeronautical Engineering (New),True,False,K,https://www.shl.com/products/product-catalog/view/aeronautical-engineering-new/,Aeronautical Engineering (New) | True | False | K
Aerospace Engineering (New),True,False,K,https://www.shl.com/products/product-catalog/view/aerospace-engineering-new/,Aerospace Engineering (New) | True | False | K
Agile Software Development,True,False,K,https://www.shl.com/products/product-catalog/view/agile-software-development/,Agile Software Development | True | False | K
Agile Testing (New),True,False,K,https://www.shl.com/products/product-catalog/view/agile-testing-new/,Agile Testing (New) | True | False | K
AI Skills,True,False,K,https://www.shl.com/products/product-catalog/view/ai-skills/,AI Skills | True | False | K
Amazon Web Services (AWS) Development (New),True,False,K,https://www.shl.com/products/product-catalog/view/amazon-web-services-aws-development-new/,Amazon Web Services (AWS) Development (New) | True | False | K
Android Development (New),True,False,K,https://www.shl.com/products/product-catalog/view/android-development-new/,Android Development (New) | True | False | K
Angular 6 (New),True,False,K,https://www.shl.com/products/product-catalog/view/angular-6-new/,Angular 6 (New) | True | False | K
AngularJS (New),True,False,K,https://www.shl.com/products/product-catalog/view/angularjs-new/,AngularJS (New) | True | False | K
Apache Hadoop (New),True,False,K,https://www.shl.com/products/product-catalog/view/apache-hadoop-new/,Apache Hadoop (New) | True | False | K
Apache Hadoop Extensions (New),True,False,K,https://www.shl.com/products/product-catalog/view/apache-hadoop-extensions-new/,Apache Hadoop Extensions (New) | True | False | K
Apache HBase (New),True,False,K,https://www.shl.com/products/product-catalog/view/apache-hbase-new/,Apache HBase (New) | True | False | K
Apache Hive (New),True,False,K,https://www.shl.com/products/product-catalog/view/apache-hive-new/,Apache Hive (New) | True | False | K
Apache Kafka (New),True,False,K,https://www.shl.com/products/product-catalog/view/apache-kafka-new/,Apache Kafka (New) | True | False | K
Apache Pig (New),True,False,K,https://www.shl.com/products/product-catalog/view/apache-pig-new/,Apache Pig (New) | True | False | K
Apache Spark (New),True,False,K,https://www.shl.com/products/product-catalog/view/apache-spark-new/,Apache Spark (New) | True | False | K
ASP .NET with C# (New),True,False,K,https://www.shl.com/products/product-catalog/view/asp-net-with-c-sharp-new/,ASP .NET with C# (New) | True | False | K
ASP.NET 4.5,True,True,K,https://www.shl.com/products/product-catalog/view/asp-net-4-5/,ASP.NET 4.5 | True | True | K
Assessment and Development Center Exercises,True,False,I,https://www.shl.com/products/product-catalog/view/assessment-and-development-center-exercises/,Assessment and Development Center Exercises | True | False | I
Automata - Fix (New),True,False,K,https://www.shl.com/products/product-catalog/view/automata-fix-new/,Automata - Fix (New) | True | False | K
Automata - SQL (New),True,False,K,https://www.shl.com/products/product-catalog/view/automata-sql-new/,Automata - SQL (New) | True | False | K
Automata (New),True,False,K,https://www.shl.com/products/product-catalog/view/automata-new/,Automata (New) | True | False | K
Automata Data Science (New),True,False,K,https://www.shl.com/products/product-catalog/view/automata-data-science-new/,Automata Data Science (New) | True | False | K
Automata Data Science Pro (New),True,False,K,https://www.shl.com/products/product-catalog/view/automata-data-science-pro-new/,Automata Data Science Pro (New) | True | False | K
Automata Front End,True,False,K,https://www.shl.com/products/product-catalog/view/automata-front-end/,Automata Front End | True | False | K
Automata Pro (New),True,False,K,https://www.shl.com/products/product-catalog/view/automata-pro-new/,Automata Pro (New) | True | False | K
Automata Selenium,True,False,K,https://www.shl.com/products/product-catalog/view/automata-selenium/,Automata Selenium | True | False | K
Automation Anywhere RPA Development (New),True,False,K,https://www.shl.com/products/product-catalog/view/automation-anywhere-rpa-development-new/,Automation Anywhere RPA Development (New) | True | False | K
Automotive Engineering (New),True,False,K,https://www.shl.com/products/product-catalog/view/automotive-engineering-new/,Automotive Engineering (New) | True | False | K
Basic Biology (New),True,False,K,https://www.shl.com/products/product-catalog/view/basic-biology-new/,Basic Biology (New) | True | False | K
Basic Computer Literacy (Windows 10) (New),True,False,K,https://www.shl.com/products/product-catalog/view/basic-computer-literacy-windows-10-new/,Basic Computer Literacy (Windows 10) (New) | True | False | K
Basic Statistics (New),True,False,K,https://www.shl.com/products/product-catalog/view/basic-statistics-new/,Basic Statistics (New) | True | False | K
Biochemistry (New),True,False,K,https://www.shl.com/products/product-catalog/view/biochemistry-new/,Biochemistry (New) | True | False | K
Biotech Lab Techniques (New),True,False,K,https://www.shl.com/products/product-catalog/view/biotech-lab-techniques-new/,Biotech Lab Techniques (New) | True | False | K
BizTalk (New),True,False,K,https://www.shl.com/products/product-catalog/view/biztalk-new/,BizTalk (New) | True | False | K
Business Communication (adaptive),True,True,K,https://www.shl.com/products/product-catalog/view/business-communication-adaptive/,Business Communication (adaptive) | True | True | K
Business Communications,True,False,K,https://www.shl.com/products/product-catalog/view/business-communications/,Business Communications | True | False | K
C Programming (New),True,False,K,https://www.shl.com/products/product-catalog/view/c-programming-new/,C Programming (New) | True | False | K
C# Programming (New),True,False,K,https://www.shl.com/products/product-catalog/view/c-sharp-programming-new/,C# Programming (New) | True | False | K
C++ Programming (New),True,False,K,https://www.shl.com/products/product-catalog/view/c-plus-plus-programming-new/,C++ Programming (New) | True | False | K
Cardiology and Diabetes Management (New),True,False,K,https://www.shl.com/products/product-catalog/view/cardiology-and-diabetes-management-new/,Cardiology and Diabetes Management (New) | True | False | K
Ceramic Engineering (New),True,False,K,https://www.shl.com/products/product-catalog/view/ceramic-engineering-new/,Ceramic Engineering (New) | True | False | K
Chemical Engineering (New),True,False,K,https://www.shl.com/products/product-catalog/view/chemical-engineering-new/,Chemical Engineering (New) | True | False | K
Cisco AppDynamics (New),True,False,K,https://www.shl.com/products/product-catalog/view/cisco-appdynamics-new/,Cisco AppDynamics (New) | True | False | K
Civil Engineering (New),True,False,K,https://www.shl.com/products/product-catalog/view/civil-engineering-new/,Civil Engineering (New) | True | False | K
Cloud Computing (New),True,False,K,https://www.shl.com/products/product-catalog/view/cloud-computing-new/,Cloud Computing (New) | True | False | K
COBOL Programming (New),True,False,K,https://www.shl.com/products/product-catalog/view/cobol-programming-new/,COBOL Programming (New) | True | False | K
Computer Science (New),True,False,K,https://www.shl.com/products/product-catalog/view/computer-science-new/,Computer Science (New) | True | False | K
Contact Center Call Simulation (New),True,False,S,https://www.shl.com/products/product-catalog/view/contact-center-call-simulation-new/,Contact Center Call Simulation (New) | True | False | S
Conversational Multichat Simulation (New),True,False,S,https://www.shl.com/products/product-catalog/view/conversational-multichat-simulation-new/,Conversational Multichat Simulation (New) | True | False | S
Core Java (Advanced Level) (New),True,False,K,https://www.shl.com/products/product-catalog/view/core-java-advanced-level-new/,Core Java (Advanced Level) (New) | True | False | K
Core Java (Entry Level) (New),True,False,K,https://www.shl.com/products/product-catalog/view/core-java-entry-level-new/,Core Java (Entry Level) (New) | True | False | K
Count Out The Money,True,True,"S, I",https://www.shl.com/products/product-catalog/view/count-out-the-money/,"Count Out The Money | True | True | S, I"
CSS3 (New),True,False,K,https://www.shl.com/products/product-catalog/view/css3-new/,CSS3 (New) | True | False | K
Culinary Skills (New),True,False,K,https://www.shl.com/products/product-catalog/view/culinary-skills-new/,Culinary Skills (New) | True | False | K
Customer Service Phone Simulation,True,False,"S, I",httpss://www.shl.com/products/product-catalog/view/customer-service-phone-simulation/,"Customer Service Phone Simulation | True | False | S, I"
Customer Service Phone Solution,True,False,"S, I, K",https://www.shl.com/products/product-catalog/view/customer-service-phone-solution/,"Customer Service Phone Solution | True | False | S, I, K"
Cyber Risk (New),True,False,K,https://www.shl.com/products/product-catalog/view/cyber-risk-new/,Cyber Risk (New) | True | False | K
Data Entry (New),True,False,K,https://www.shl.com/products/product-catalog/view/data-entry-new/,Data Entry (New) | True | False | K
Data Entry Alphanumeric Split Screen - US,True,False,K,https://www.shl.com/products/product-catalog/view/data-entry-alphanumeric-split-screen-us/,Data Entry Alphanumeric Split Screen - US | True | False | K
Data Entry Numeric Split Screen - US,True,False,K,https://www.shl.com/products/product-catalog/view/data-entry-numeric-split-screen-us/,Data Entry Numeric Split Screen - US | True | False | K
Data Entry Ten Key Split Screen,True,False,K,https://www.shl.com/products/product-catalog/view/data-entry-ten-key-split-screen/,Data Entry Ten Key Split Screen | True | False | K
Data Science (New),True,False,K,https://www.shl.com/products/product-catalog/view/data-science-new/,Data Science (New) | True | False | K
Data Warehousing Concepts,True,True,K,https://www.shl.com/products/product-catalog/view/data-warehousing-concepts/,Data Warehousing Concepts | True | True | K
Dependability and Safety Instrument (DSI),True,False,P,https://www.shl.com/products/product-catalog/view/dependability-and-safety-instrument-dsi/,Dependability and Safety Instrument (DSI) | True | False | P
Dermatology (New),True,False,K,https://www.shl.com/products/product-catalog/view/dermatology-new/,Dermatology (New) | True | False | K
Desktop Support (New),True,False,K,https://www.shl.com/products/product-catalog/view/desktop-support-new/,Desktop Support (New) | True | False | K
Digital Advertising (New),True,False,K,https://www.shl.com/products/product-catalog/view/digital-advertising-new/,Digital Advertising (New) | True | False | K
Digital Readiness Development Report - IC,True,False,P,https://www.shl.com/products/product-catalog/view/digital-readiness-development-report-ic/,Digital Readiness Development Report - IC | True | False | P
Digital Readiness Development Report - Manager,True,False,P,https://www.shl.com/products/product-catalog/view/digital-readiness-development-report-manager/,Digital Readiness Development Report - Manager | True | False | P
Docker (New),True,False,K,https://www.shl.com/products/product-catalog/view/docker-new/,Docker (New) | True | False | K
Dojo (New),True,False,K,httpss://www.shl.com/products/product-catalog/view/dojo-new/,Dojo (New) | True | False | K
Drupal (New),True,False,K,https://www.shl.com/products/product-catalog/view/drupal-new/,Drupal (New) | True | False | K
DSI v.11 Interpretation Report,True,False,P,https://www.shl.com/products/product-catalog/view/dsi-v-11-interpretation-report/,DSI v.11 Interpretation Report | True | False | P
Econometrics (New),True,False,K,https://www.shl.com/products/product-catalog/view/econometrics-new/,Econometrics (New) | True | False | K
Economics (New),True,False,K,https://www.shl.com/products/product-catalog/view/economics-new/,Economics (New) | True | False | K
Electrical and Electronics Engineering (New),True,False,K,https://www.shl.com/products/product-catalog/view/electrical-and-electronics-engineering-new/,Electrical and Electronics Engineering (New) | True | False | K
Electrical Engineering (New),True,False,K,https://www.shl.com/products/product-catalog/view/electrical-engineering-new/,Electrical Engineering (New) | True | False | K
Electronics & Telecommunications Engineering (New),True,False,K,https://www.shl.com/products/product-catalog/view/electronics-telecommunications-engineering-new/,Electronics & Telecommunications Engineering (New) | True | False | K
Electronics and Embedded Systems Engineering (New),True,False,K,https://www.shl.com/products/product-catalog/view/electronics-and-embedded-systems-engineering-new/,Electronics and Embedded Systems Engineering (New) | True | False | K
Electronics and Semiconductor Engineering (New),True,False,K,https://www.shl.com/products/product-catalog/view/electronics-and-semiconductor-engineering-new/,Electronics and Semiconductor Engineering (New) | True | False | K
English Comprehension (New),True,False,K,https://www.shl.com/products/product-catalog/view/english-comprehension-new/,English Comprehension (New) | True | False | K
Enterprise Java Beans (New),True,False,K,https://www.shl.com/products/product-catalog/view/enterprise-java-beans-new/,Enterprise Java Beans (New) | True | False | K
Enterprise Leadership Report 1.0,True,False,P,https://www.shl.com/products/product-catalog/view/enterprise-leadership-report-1-0/,Enterprise Leadership Report 1.0 | True | False | P
Enterprise Leadership Report 2.0,True,False,P,https://www.shl.com/products/product-catalog/view/enterprise-leadership-report-2-0/,Enterprise Leadership Report 2.0 | True | False | P
Entry Level Cashier Solution,True,False,"K, I",https://www.shl.com/products/product-catalog/view/entry-level-cashier-solution/,"Entry Level Cashier Solution | True | False | K, I"
Entry Level Customer Serv-Retail & Contact Center,True,False,K,https://www.shl.com/products/product-catalog/view/entry-level-customer-serv-retail-contact-center/,Entry Level Customer Serv-Retail & Contact Center | True | False | K
Entry Level Customer Service (General) Solution,True,False,"K, I",https://www.shl.com/products/product-catalog/view/entry-level-customer-service-general-solution/,"Entry Level Customer Service (General) Solution | True | False | K, I"
Entry Level Hotel Front Desk Solution,True,False,"K, I",https://www.shl.com/products/product-catalog/view/entry-level-hotel-front-desk-solution/,"Entry Level Hotel Front Desk Solution | True | False | K, I"
Entry Level Sales Solution,True,False,"K, I, P",https://www.shl.com/products/product-catalog/view/entry-level-sales-solution/,"Entry Level Sales Solution | True | False | K, I, P"
Entry Level Technical Support Solution,True,False,K,https://www.shl.com/products/product-catalog/view/entry-level-technical-support-solution/,Entry Level Technical Support Solution | True | False | K
ETL Testing (New),True,False,K,https://www.shl.com/products/product-catalog/view/etl-testing-new/,ETL Testing (New) | True | False | K
Executive Scenarios,True,False,I,https://www.shl.com/products/product-catalog/view/executive-scenarios/,Executive Scenarios | True | False | I
Executive Scenarios Narrative Report,True,False,I,https://www.shl.com/products/product-catalog/view/executive-scenarios-narrative-report/,Executive Scenarios Narrative Report | True | False | I
Executive Scenarios Profile Report,True,False,I,https://www.shl.com/products/product-catalog/view/executive-scenarios-profile-report/,Executive Scenarios Profile Report | True | False | I
ExpressJS (New),True,False,K,https://www.shl.com/products/product-catalog/view/expressjs-new/,ExpressJS (New) | True | False | K
Filing - Names (RI),True,False,K,https://www.shl.com/products/product-catalog/view/filing-names-ri/,Filing - Names (RI) | True | False | K
Filing - Numbers,True,False,K,https://www.shl.com/products/product-catalog/view/filing-numbers/,Filing - Numbers | True | False | K
Financial Accounting (New),True,False,K,https://www.shl.com/products/product-catalog/view/financial-accounting-new/,Financial Accounting (New) | True | False | K
Financial and Banking Services (New),True,False,K,https://www.shl.com/products/product-catalog/view/financial-and-banking-services-new/,Financial and Banking Services (New) | True | False | K
Fire Engineering (New),True,False,K,https://www.shl.com/products/product-catalog/view/fire-engineering-new/,Fire Engineering (New) | True | False | K
Following Instructions v1 - UK (RI),True,False,K,https://www.shl.com/products/product-catalog/view/following-instructions-v1-uk-ri/,Following Instructions v1 - UK (RI) | True | False | K
Following Instructions v1 - US (R2),True,False,K,https://www.shl.com/products/product-catalog/view/following-instructions-v1-us-r2/,Following Instructions v1 - US (R2) | True | False | K
Food and Beverage Services (New),True,False,K,https://www.shl.com/products/product-catalog/view/food-and-beverage-services-new/,Food and Beverage Services (New) | True | False | K
Food Science (New),True,False,K,https://www.shl.com/products/product-catalog/view/food-science-new/,Food Science (New) | True | False | K
Front Office Management (New),True,False,K,https://www.shl.com/products/product-catalog/view/front-office-management-new/,Front Office Management (New) | True | False | K
Fundamentals of Chemistry (New),True,False,K,https://www.shl.com/products/product-catalog/view/fundamentals-of-chemistry-new/,Fundamentals of Chemistry (New) | True | False | K
Fundamentals of Physics (New),True,False,K,https://www.shl.com/products/product-catalog/view/fundamentals-of-physics-new/,Fundamentals of Physics (New) | True | False | K
General Diseases (New),True,False,K,https://www.shl.com/products/product-catalog/view/general-diseases-new/,General Diseases (New) | True | False | K
Geoinformatics Engineering (New),True,False,K,https://www.shl.com/products/product-catalog/view/geoinformatics-engineering-new/,Geoinformatics Engineering (New) | True | False | K
Geoscience Engineering (New),True,False,K,https://www.shl.com/products/product-catalog/view/geoscience-engineering-new/,Geoscience Engineering (New) | True | False | K
GIT (New),True,False,K,https://www.shl.com/products/product-catalog/view/git-new/,GIT (New) | True | False | K
Global Skills Assessment,True,False,"K, I, S",https://www.shl.com/products/product-catalog/view/global-skills-assessment/,"Global Skills Assessment | True | False | K, I, S"
Graduate Scenarios,True,False,I,https://www.shl.com/products/product-catalog/view/graduate-scenarios/,Graduate Scenarios | True | False | I
Graduate Scenarios Narrative Report,True,False,I,https://www.shl.com/products/product-catalog/view/graduate-scenarios-narrative-report/,Graduate Scenarios Narrative Report | True | False | I
Graduate Scenarios Profile Report,True,False,I,https://www.shl.com/products/product-catalog/view/graduate-scenarios-profile-report/,Graduate Scenarios Profile Report | True | False | I
Hibernate (New),True,False,K,https://www.shl.com/products/product-catalog/view/hibernate-new/,Hibernate (New) | True | False | K
HIPAA (Security),True,True,K,https://www.shl.com/products/product-catalog/view/hipaa-security/,HIPAA (Security) | True | True | K
MFS 360 Enterprise Leadership Report,True,False,I,https://www.shl.com/products/product-catalog/view/mfs-360-enterprise-leadership-report/,MFS 360 Enterprise Leadership Report | True | False | I
MFS 360 UCF Group Report,True,False,I,https://www.shl.com/products/product-catalog/view/mfs-360-ucf-group-report/,MFS 360 UCF Group Report | True | False | I
MFS 360 UCF Performance Potential Dev Tips Report,True,False,I,https://www.shl.com/products/product-catalog/view/mfs-360-ucf-performance-potential-dev-tips-report/,MFS 360 UCF Performance Potential Dev Tips Report | True | False | I
MFS 360 UCF Standard Report,True,False,I,https://www.shl.com/products/product-catalog/view/mfs-360-ucf-standard-report/,MFS 360 UCF Standard Report | True | False | I
Micro Focus Unified Functional Testing (New),True,False,K,https://www.shl.com/products/product-catalog/view/micro-focus-unified-functional-testing-new/,Micro Focus Unified Functional Testing (New) | True | False | K
Microservices (New),True,False,K,https://www.shl.com/products/product-catalog/view/microservices-new/,Microservices (New) | True | False | K
Microsoft Dynamics Development (New),True,False,K,https://www.shl.com/products/product-catalog/view/microsoft-dynamics-development-new/,Microsoft Dynamics Development (New) | True | False | K
Microsoft Excel 365 - Essentials (New),True,False,"K, S",https://www.shl.com/products/product-catalog/view/microsoft-excel-365-essentials-new/,"Microsoft Excel 365 - Essentials (New) | True | False | K, S"
Microsoft Excel 365 (New),True,False,"K, S",https://www.shl.com/products/product-catalog/view/microsoft-excel-365-new/,"Microsoft Excel 365 (New) | True | False | K, S"
Microsoft Outlook 2013 (adaptive),True,True,"K, S",https://www.shl.com/products/product-catalog/view/microsoft-outlook-2013-adaptive/,"Microsoft Outlook 2013 (adaptive) | True | True | K, S"
Microsoft PowerPoint 365 - Essentials (New),True,False,"K, S",https://www.shl.com/products/product-catalog/view/microsoft-powerpoint-365-essentials-new/,"Microsoft PowerPoint 365 - Essentials (New) | True | False | K, S"
Microsoft SQL Server 2014 Programming,True,True,K,https://www.shl.com/products/product-catalog/view/microsoft-sql-server-2014-programming/,Microsoft SQL Server 2014 Programming | True | True | K
HiPo Assessment Report 1.0,True,False,"K, I",https://www.shl.com/products/product-catalog/view/hipo-assessment-report-1-0/,"HiPo Assessment Report 1.0 | True | False | K, I"
HiPo Assessment Report 2.0,True,False,"K, I",https://www.shl.com/products/product-catalog/view/hipo-assessment-report-2-0/,"HiPo Assessment Report 2.0 | True | False | K, I"
HiPo Unlocking Potential Report 2.0,True,False,K,https://www.shl.com/products/product-catalog/view/hipo-unlocking-potential-report-2-0/,HiPo Unlocking Potential Report 2.0 | True | False | K
Housekeeping (New),True,False,K,https://www.shl.com/products/product-catalog/view/housekeeping-new/,Housekeeping (New) | True | False | K
HTML/CSS (New),True,False,K,https://www.shl.com/products/product-catalog/view/html-css-new/,HTML/CSS (New) | True | False | K
HTML5 (New),True,False,K,https://www.shl.com/products/product-catalog/view/html5-new/,HTML5 (New) | True | False | K
Human Resources (New),True,False,K,https://www.shl.com/products/product-catalog/view/human-resources-new/,Human Resources (New) | True | False | K
IBM DataStage (New),True,False,K,https://www.shl.com/products/product-catalog/view/ibm-datastage-new/,IBM DataStage (New) | True | False | K
IBM Sterling Order Management System (New),True,False,K,https://www.shl.com/products/product-catalog/view/ibm-sterling-order-management-system-new/,IBM Sterling Order Management System (New) | True | False | K
Industrial Engineering (New),True,False,K,https://www.shl.com/products/product-catalog/view/industrial-engineering-new/,Industrial Engineering (New) | True | False | K
Informatica (Architecture) (New),True,False,K,https://www.shl.com/products/product-catalog/view/informatica-architecture-new/,Informatica (Architecture) (New) | True | False | K
Informatica (Developer) (New),True,False,K,https://www.shl.com/products/product-catalog/view/informatica-developer-new/,Informatica (Developer) (New) | True | False | K
Microsoft Windows Server 2012 Administration,True,True,K,https://www.shl.com/products/product-catalog/view/microsoft-windows-server-2012-administration/,Microsoft Windows Server 2012 Administration | True | True | K
Microsoft Word 365 - Essentials (New),True,False,"K, S",https://www.shl.com/products/product-catalog/view/microsoft-word-365-essentials-new/,"Microsoft Word 365 - Essentials (New) | True | False | K, S"
Microsoft Word 365 (New),True,False,"K, S",https://www.shl.com/products/product-catalog/view/microsoft-word-365-new/,"Microsoft Word 365 (New) | True | False | K, S"
Mineral Engineering (New),True,False,K,https://www.shl.com/products/product-catalog/view/mineral-engineering-new/,Mineral Engineering (New) | True | False | K
Mining Engineering (New),True,False,K,https://www.shl.com/products/product-catalog/view/mining-engineering-new/,Mining Engineering (New) | True | False | K
Mobility (New),True,False,K,https://www.shl.com/products/product-catalog/view/mobility-new/,Mobility (New) | True | False | K
Molecular Biology (New),True,False,K,https://www.shl.com/products/product-catalog/view/molecular-biology-new/,Molecular Biology (New) | True | False | K
MongoDB (New),True,False,K,https://www.shl.com/products/product-catalog/view/mongodb-new/,MongoDB (New) | True | False | K
Motivation Questionnaire MQM5,True,False,P,https://www.shl.com/products/product-catalog/view/motivation-questionnaire-mqm5/,Motivation Questionnaire MQM5 | True | False | P
MQ Candidate Motivation Report,True,False,P,https://www.shl.com/products/product-catalog/view/mq-candidate-motivation-report/,MQ Candidate Motivation Report | True | False | P
MQ Employee Motivation Report,True,False,P,https://www.shl.com/products/product-catalog/view/mq-employee-motivation-report/,MQ Employee Motivation Report | True | False | P
MQ Motivation Report Pack,True,False,P,https://www.shl.com/products/product-catalog/view/mq-motivation-report-pack/,MQ Motivation Report Pack | True | False | P
MQ Profile,True,False,P,https://www.shl.com/products/product-catalog/view/mq-profile/,MQ Profile | True | False | P
MS Access (New),True,False,K,https://www.shl.com/products/product-catalog/view/ms-access-new/,MS Access (New) | True | False | K
MS Excel (New),True,False,K,https://www.shl.com/products/product-catalog/view/ms-excel-new/,MS Excel (New) | True | False | K
MS Office Basic Computer Literacy (New),True,False,K,https://www.shl.com/products/product-catalog/view/ms-office-basic-computer-literacy-new/,MS Office Basic Computer Literacy (New) | True | False | K
MS Office Basic Computer Literacy (Sim) (New),True,False,S,https://www.shl.com/products/product-catalog/view/ms-office-basic-computer-literacy-sim-new/,MS Office Basic Computer Literacy (Sim) (New) | True | False | S
MS PowerPoint (New),True,False,K,https://www.shl.com/products/product-catalog/view/ms-powerpoint-new/,MS PowerPoint (New) | True | False | K
MS Word (New),True,False,K,https://www.shl.com/products/product-catalog/view/ms-word-new/,MS Word (New) | True | False | K
MuleSoft Development (New),True,False,K,https://www.shl.com/products/product-catalog/view/mulesoft-development-new/,MuleSoft Development (New) | True | False | K
Multitasking Ability,True,False,"S, I, K",https://www.shl.com/products/product-catalog/view/multitasking-ability/,"Multitasking Ability | True | False | S, I, K"
Networking and Implementation (New),True,False,K,https://www.shl.com/products/product-catalog/view/networking-and-implementation-new/,Networking and Implementation (New) | True | False | K
Node.js (New),True,False,K,https://www.shl.com/products/product-catalog/view/node-js-new/,Node.js (New) | True | False | K
Nursing (New),True,False,K,https://www.shl.com/products/product-catalog/view/nursing-new/,Nursing (New) | True | False | K
Occupational Personality Questionnaire OPQ32r,True,False,P,https://www.shl.com/products/product-catalog/view/occupational-personality-questionnaire-opq32r/,Occupational Personality Questionnaire OPQ32r | True | False | P
Operations Management (New),True,False,K,https://www.shl.com/products/product-catalog/view/operations-management-new/,Operations Management (New) | True | False | K
OPQ Candidate Plus Report,True,False,P,https://www.shl.com/products/product-catalog/view/opq-candidate-plus-report/,OPQ Candidate Plus Report | True | False | P
OPQ Candidate Report 2.0,True,False,P,https://www.shl.com/products/product-catalog/view/opq-candidate-report-2-0/,OPQ Candidate Report 2.0 | True | False | P
OPQ Emotional Intelligence Report,True,False,P,https://www.shl.com/products/product-catalog/view/opq-emotional-intelligence-report/,OPQ Emotional Intelligence Report | True | False | P
OPQ Leadership Report,True,False,P,https_://www.shl.com/products/product-catalog/view/opq-leadership-report/,OPQ Leadership Report | True | False | P
OPQ Manager Plus Report,True,False,P,https://www.shl.com/products/product-catalog/view/opq-manager-plus-report/,OPQ Manager Plus Report | True | False | P
OPQ Manager Plus Report 2.0,True,False,P,https://www.shl.com/products/product-catalog/view/opq-manager-plus-report-2-0/,OPQ Manager Plus Report 2.0 | True | False | P
OPQ Maximising your Learning Report,True,False,P,https://www.shl.com/products/product-catalog/view/opq-maximising-your-learning-report/,OPQ Maximising your Learning Report | True | False | P
OPQ MO Sales Report,True,False,P,https://www.shl.com/products/product-catalog/view/opq-mo-sales-report/,OPQ MO Sales Report | True | False | P
OPQ Premium Plus Report,True,False,P,https://www.shl.com/products/product-catalog/view/opq-premium-plus-report/,OPQ Premium Plus Report | True | False | P
OPQ Premium Plus Report 2.0,True,False,P,https://www.shl.com/products/product-catalog/view/opq-premium-plus-report-2-0/,OPQ Premium Plus Report 2.0 | True | False | P
Manual Testing (New),True,False,K,https://www.shl.com/products/product-catalog/view/manual-testing-new/,Manual Testing (New) | True | False | K
Manufac. & Indust. - Mechanical & Vigilance 8.0,True,False,"K, S",https://www.shl.com/products/product-catalog/view/manufac-indust-mechanical-vigilance-8-0/,"Manufac. & Indust. - Mechanical & Vigilance 8.0 | True | False | K, S"
Manufac. & Indust. - Safety & Dependability 8.0,True,False,P,https://www.shl.com/products/product-catalog/view/manufac-indust-safety-dependability-8-0/,Manufac. & Indust. - Safety & Dependability 8.0 | True | False | P
Manufacturing & Industrial - Essential Focus 8.0,True,False,P,https://www.shl.com/products/product-catalog/view/manufacturing-industrial-essential-focus-8-0/,Manufacturing & Industrial - Essential Focus 8.0 | True | False | P
Manufacturing & Industrial - Mechanical Focus 8.0,True,False,"K, S",https://www.shl.com/products/product-catalog/view/manufacturing-industrial-mechanical-focus-8-0/,"Manufacturing & Industrial - Mechanical Focus 8.0 | True | False | K, S"
Manufacturing & Industrial - Vigilance Focus 8.0,True,False,"K, S",https://www.shl.com/products/product-catalog/view/manufacturing-industrial-vigilance-focus-8-0/,"Manufacturing & Industrial - Vigilance Focus 8.0 | True | False | K, S"
Marketing (New),True,False,K,https://www.shl.com/products/product-catalog/view/marketing-new/,Marketing (New) | True | False | K
Maven (New),True,False,K,https://www.shl.com/products/product-catalog/view/maven-new/,Maven (New) | True | False | K
Mechanical Engineering (New),True,False,K,https://www.shl.com/products/product-catalog/view/mechanical-engineering-new/,Mechanical Engineering (New) | True | False | K
Mechatronics Engineering (New),True,False,K,https://www.shl.com/products/product-catalog/view/mechatronics-engineering-new/,Mechatronics Engineering (New) | True | False | K
Medical Terminology (New),True,False,K,https://www.shl.com/products/product-catalog/view/medical-terminology-new/,Medical Terminology (New) | True | False | K
Metallurgical Engineering (New),True,False,K,https://www.shl.com/products/product-catalog/view/metallurgical-engineering-new/,Metallurgical Engineering (New) | True | False | K
Accounts Receivable Simulation (New),True,False,S,https://www.shl.com/products/product-catalog/view/accounts-receivable-simulation-new/,Accounts Receivable Simulation (New) | True | False | S
ADO.NET (New),True,False,K,https://www.shl.com/products/product-catalog/view/ado-net-new/,ADO.NET (New) | True | False | K
Adobe Experience Manager (New),True,False,K,https://www.shl.com/products/product-catalog/view/adobe-experience-manager-new/,Adobe Experience Manager (New) | True | False | K
Adobe Photoshop CC,True,True,K,https://www.shl.com/products/product-catalog/view/adobe-photoshop-cc/,Adobe Photoshop CC | True | True | K
Aeronautical Engineering (New),True,False,K,https://www.shl.com/products/product-catalog/view/aeronautical-engineering-new/,Aeronautical Engineering (New) | True | False | K
Aerospace Engineering (New),True,False,K,https://www.shl.com/products/product-catalog/view/aerospace-engineering-new/,Aerospace Engineering (New) | True | False | K
Agile Software Development,True,False,K,https://www.shl.com/products/product-catalog/view/agile-software-development/,Agile Software Development | True | False | K
Agile Testing (New),True,False,K,https://www.shl.com/products/product-catalog/view/agile-testing-new/,Agile Testing (New) | True | False | K
AI Skills,True,False,P,https://www.shl.com/products/product-catalog/view/ai-skills/,AI Skills | True | False | P
Amazon Web Services (AWS) Development (New),True,False,K,https://www.shl.com/products/product-catalog/view/amazon-web-services-aws-development-new/,Amazon Web Services (AWS) Development (New) | True | False | K
Android Development (New),True,False,K,https://www.shl.com/products/product-catalog/view/android-development-new/,Android Development (New) | True | False | K
Angular 6 (New),True,False,K,https://www.shl.com/products/product-catalog/view/angular-6-new/,Angular 6 (New) | True | False | K
Jenkins (New),True,False,K,https://www.shl.com/products/product-catalog/view/jenkins-new/,Jenkins (New) | True | False | K
Job Control Language (New),True,False,K,https://www.shl.com/products/product-catalog/view/job-control-language-new/,Job Control Language (New) | True | False | K
jQuery (New),True,False,K,https://www.shl.com/products/product-catalog/view/jquery-new/,jQuery (New) | True | False | K
Kubernetes (New),True,False,K,https://www.shl.com/products/product-catalog/view/kubernetes-new/,Kubernetes (New) | True | False | K
Linux Administration (New),True,False,K,https://www.shl.com/products/product-catalog/view/linux-administration-new/,Linux Administration (New) | True | False | K
Linux Operating System,True,False,K,https://www.shl.com/products/product-catalog/view/linux-operating-system/,Linux Operating System | True | False | K
Linux Programming (General),True,True,K,https://www.shl.com/products/product-catalog/view/linux-programming-general/,Linux Programming (General) | True | True | K
Load Runner (New),True,False,K,https://www.shl.com/products/product-catalog/view/load-runner-new/,Load Runner (New) | True | False | K
Management Scenarios,True,False,I,https://www.shl.com/products/product-catalog/view/management-scenarios/,Management Scenarios | True | False | I
Managerial Scenarios Candidate Report,True,False,I,https://www.shl.com/products/product-catalog/view/managerial-scenarios-candidate-report/,Managerial Scenarios Candidate Report | True | False | I
Managerial Scenarios Narrative Report,True,False,I,https://www.shl.com/products/product-catalog/view/managerial-scenarios-narrative-report/,Managerial Scenarios Narrative Report | True | False | I
Managerial Scenarios Profile Report,True,False,I,https://www.shl.com/products/product-catalog/view/managerial-scenarios-profile-report/,Managerial Scenarios Profile Report | True | False | I
Instrumentation Engineering (New),True,False,K,https://www.shl.com/products/product-catalog/view/instrumentation-engineering-new/,Instrumentation Engineering (New) | True | False | K
Interpersonal Communications,True,True,K,https://www.shl.com/products/product-catalog/view/interpersonal-communications/,Interpersonal Communications | True | True | K
Interviewing and Hiring Concepts (U.S.),True,True,K,https://www.shl.com/products/product-catalog/view/interviewing-and-hiring-concepts-us/,Interviewing and Hiring Concepts (U.S.) | True | True | K
iOS Development (New),True,False,K,https://www.shl.com/products/product-catalog/view/ios-development-new/,iOS Development (New) | True | False | K
ITIL (IT Infrastructure Library) (New),True,False,K,https://www.shl.com/products/product-catalog/view/itil-it-infrastructure-library-new/,ITIL (IT Infrastructure Library) (New) | True | False | K
Java 2 Platform Enterprise Edition 1.4 Fundamental,True,True,K,https://www.shl.com/products/product-catalog/view/java-2-platform-enterprise-edition-1-4-fundamental/,Java 2 Platform Enterprise Edition 1.4 Fundamental | True | True | K
Java 8 (New),True,False,K,https://www.shl.com/products/product-catalog/view/java-8-new/,Java 8 (New) | True | False | K
Java Design Patterns (New),True,False,K,https://www.shl.com/products/product-catalog/view/java-design-patterns-new/,Java Design Patterns (New) | True | False | K
Java Frameworks (New),True,False,K,https://www.shl.com/products/product-catalog/view/java-frameworks-new/,Java Frameworks (New) | True | False | K
Java Platform Enterprise Edition 7 (Java EE 7),True,True,K,https://www.shl.com/products/product-catalog/view/java-platform-enterprise-edition-7-java-ee-7/,Java Platform Enterprise Edition 7 (Java EE 7) | True | True | K
Java Web Services (New),True,False,K,https://www.shl.com/products/product-catalog/view/java-web-services-new/,Java Web Services (New) | True | False | K
JavaScript (New),True,False,K,https://www.shl.com/products/product-catalog/view/javascript-new/,JavaScript (New) | True | False | K
OPQ Profile Report,True,False,P,https://www.shl.com/products/product-catalog/view/opq-profile-report/,OPQ Profile Report | True | False | P
OPQ Team Impact Group Development Report,True,False,P,https://www.shl.com/products/product-catalog/view/opq-team-impact-group-development-report/,OPQ Team Impact Group Development Report | True | False | P
OPQ Team Impact Individual Development Report,True,False,P,https://www.shl.com/products/product-catalog/view/opq-team-impact-individual-development-report/,OPQ Team Impact Individual Development Report | True | False | P
OPQ Team Impact Selection Report,True,False,P,https://www.shl.com/products/product-catalog/view/opq-team-impact-selection-report/,OPQ Team Impact Selection Report | True | False | P
OPQ Team Types & Leadership Styles Profile,True,False,P,https://www.shl.com/products/product-catalog/view/opq-team-types-leadership-styles-profile/,OPQ Team Types & Leadership Styles Profile | True | False | P
OPQ Team Types and Leadership Styles Report,True,False,P,https://www.shl.com/products/product-catalog/view/opq-team-types-and-leadership-styles-report/,OPQ Team Types and Leadership Styles Report | True | False | P
OPQ UCF Development Action Planner Report 1.0,True,False,P,https://www.shl.com/products/product-catalog/view/opq-ucf-development-action-planner-report-1-0/,OPQ UCF Development Action Planner Report 1.0 | True | False | P
OPQ UCF Development Action Planner Report 2.0,True,False,P,https://www.shl.com/products/product-catalog/view/opq-ucf-development-action-planner-report-2-0/,OPQ UCF Development Action Planner Report 2.0 | True | False | P
OPQ Universal Competency Report 1.0,True,False,P,https://www.shl.com/products/product-catalog/view/opq-universal-competency-report-1-0/,OPQ Universal Competency Report 1.0 | True | False | P
OPQ Universal Competency Report 2.0,True,False,P,https://www.shl.com/products/product-catalog/view/opq-universal-competency-report-2-0/,OPQ Universal Competency Report 2.0 | True | False | P
OPQ User and Managers Report,True,False,P,https://www.shl.com/products/product-catalog/view/opq-user-and-managers-report/,OPQ User and Managers Report | True | False | P
OPQ User Report,True,False,"P, I",https://www.shl.com/products/product-catalog/view/opq-user-report/,"OPQ User Report | True | False | P, I"
Oracle DBA (Advanced Level) (New),True,False,K,https://www.shl.com/products/product-catalog/view/oracle-dba-advanced-level-new/,Oracle DBA (Advanced Level) (New) | True | False | K
Oracle DBA (Entry Level) (New),True,False,K,https://www.shl.com/products/product-catalog/view/oracle-dba-entry-level-new/,Oracle DBA (Entry Level) (New) | True | False | K
Oracle PL/SQL (New),True,False,K,https://www.shl.com/products/product-catalog/view/oracle-pl-sql-new/,Oracle PL/SQL (New) | True | False | K
Oracle WebLogic Server (New),True,False,K,https://www.shl.com/products/product-catalog/view/oracle-weblogic-server-new/,Oracle WebLogic Server (New) | True | False | K
Organic Chemistry (New),True,False,K,https://www.shl.com/products/product-catalog/view/organic-chemistry-new/,Organic Chemistry (New) | True | False | K
Paint Technology (New),True,False,K,https://www.shl.com/products/product-catalog/view/paint-technology-new/,Paint Technology (New) | True | False | K
Pediatrics (New),True,False,K,https://www.shl.com/products/product-catalog/view/pediatrics-new/,Pediatrics (New) | True | False | K
Pega Development (New),True,False,K,https://www.shl.com/products/product-catalog/view/pega-development-new/,Pega Development (New) | True | False | K
Perl (New),True,False,K,https://www.shl.com/products/product-catalog/view/perl-new/,Perl (New) | True | False | K
Petrochemical Engineering (New),True,False,K,https://www.shl.com/products/product-catalog/view/petrochemical-engineering-new/,Petrochemical Engineering (New) | True | False | K
Petroleum Engineering (New),True,False,K,https://www.shl.com/products/product-catalog/view/petroleum-engineering-new/,Petroleum Engineering (New) | True | False | K
Pharmaceutical Analysis (New),True,False,K,https://www.shl.com/products/product-catalog/view/pharmaceutical-analysis-new/,Pharmaceutical Analysis (New) | True | False | K
Pharmaceutical Chemistry (New),True,False,K,https://www.shl.com/products/product-catalog/view/pharmaceutical-chemistry-new/,Pharmaceutical Chemistry (New) | True | False | K
Pharmaceutical Science (New),True,False,K,https://www.shl.com/products/product-catalog/view/pharmaceutical-science-new/,Pharmaceutical Science (New) | True | False | K
Pharmaceutics (New),True,False,K,https://www.shl.com/products/product-catalog/view/pharmaceutics-new/,Pharmaceutics (New) | True | False | K
Pharmacology (New),True,False,K,https://www.shl.com/products/product-catalog/view/pharmacology-new/,Pharmacology (New) | True | False | K
PHP (New),True,False,K,https://www.shl.com/products/product-catalog/view/php-new/,PHP (New) | True | False | K
PJM Development Report,True,False,"P, I, K",https://www.shl.com/products/product-catalog/view/pjm-development-report/,"PJM Development Report | True | False | P, I, K"
PJM Selection Report,True,False,"P, I, K",https://www.shl.com/products/product-catalog/view/pjm-selection-report/,"PJM Selection Report | True | False | P, I, K"
Polymer Engineering (New),True,False,K,https://www.shl.com/products/product-catalog/view/polymer-engineering-new/,Polymer Engineering (New) | True | False | K
Power Electronics and Drives (New),True,False,K,https://www.shl.com/products/product-catalog/view/power-electronics-and-drives-new/,Power Electronics and Drives (New) | True | False | K
Power System Engineering (New),True,False,K,https://www.shl.com/products/product-catalog/view/power-system-engineering-new/,Power System Engineering (New) | True | False | K
Prism (New),True,False,K,https://www.shl.com/products/product-catalog/view/prism-new/,Prism (New) | True | False | K
Production and Industrial Engineering (New),True,False,K,https://www.shl.com/products/product-catalog/view/production-and-industrial-engineering-new/,Production and Industrial Engineering (New) | True | False | K
Production Engineering (New),True,False,K,https://www.shl.com/products/product-catalog/view/production-engineering-new/,Production Engineering (New) | True | False | K
Programming Concepts,True,True,K,https://www.shl.com/products/product-catalog/view/programming-concepts/,Programming Concepts | True | True | K
Project Management (2013),True,True,K,https://www.shl.com/products/product-catalog/view/project-management-2013/,Project Management (2013) | True | True | K
Proofreading v1,True,False,K,https://www.shl.com/products/product-catalog/view/proofreading-v1/,Proofreading v1 | True | False | K
Python (New),True,False,K,https://www.shl.com/products/product-catalog/view/python-new/,Python (New) | True | False | K
R Programming (New),True,False,K,https://www.shl.com/products/product-catalog/view/r-programming-new/,R Programming (New) | True | False | K
ReactJS (New),True,False,K,https://www.shl.com/products/product-catalog/view/reactjs-new/,ReactJS (New) | True | False | K
Reading Comprehension - English v1,True,True,K,https://www.shl.com/products/product-catalog/view/reading-comprehension-english-v1/,Reading Comprehension - English v1 | True | True | K
Reading Comprehension - Spanish v1,True,True,K,https://www.shl.com/products/product-catalog/view/reading-comprehension-spanish-v1/,Reading Comprehension - Spanish v1 | True | True | K
Reading Comprehension v2,True,True,K,https://www.shl.com/products/product-catalog/view/reading-comprehension-v2/,Reading Comprehension v2 | True | True | K
RemoteWorkQ,True,False,P,https://www.shl.com/products/product-catalog/view/remoteworkq/,RemoteWorkQ | True | False | P
RemoteWorkQ Manager Report,True,False,P,https://www.shl.com/products/product-catalog/view/remoteworkq-manager-report/,RemoteWorkQ Manager Report | True | False | P
RemoteWorkQ Participant Report,True,False,P,https://www.shl.com/products/product-catalog/view/remoteworkq-participant-report/,RemoteWorkQ Participant Report | True | False | P
RESTful Web Services (New),True,False,K,https://www.shl.com/products/product-catalog/view/restful-web-services-new/,RESTful Web Services (New) | True | False | K
Retail Sales and Service Simulation,True,False,"K, S, I",https://www.shl.com/products/product-catalog/view/retail-sales-and-service-simulation/,"Retail Sales and Service Simulation | True | False | K, S, I"
Reviewing Forms - US (RI),True,False,K,https://www.shl.com/products/product-catalog/view/reviewing-forms-us-ri/,Reviewing Forms - US (RI) | True | False | K
Ruby (New),True,False,K,https://www.shl.com/products/product-catalog/view/ruby-new/,Ruby (New) | True | False | K
Ruby on Rails (New),True,False,K,https://www.shl.com/products/product-catalog/view/ruby-on-rails-new/,Ruby on Rails (New) | True | False | K
Sales & Service Phone Simulation,True,False,"S, I",https://www.shl.com/products/product-catalog/view/sales-service-phone-simulation/,"Sales & Service Phone Simulation | True | False | S, I"
Sales & Service Phone Solution,True,False,"S, I, K",https://www.shl.com/products/product-catalog/view/sales-service-phone-solution/,"Sales & Service Phone Solution | True | False | S, I, K"
Sales Interview Guide,True,False,"P, I, K",https://www.shl.com/products/product-catalog/view/sales-interview-guide/,"Sales Interview Guide | True | False | P, I, K"
Sales Profiler Cards,True,False,P,https://www.shl.com/products/product-catalog/view/sales-profiler-cards/,Sales Profiler Cards | True | False | P
Sales Transformation 1.0 - Individual Contributor,True,False,P,https://www.shl.com/products/product-catalog/view/sales-transformation-1-0-individual-contributor/,Sales Transformation 1.0 - Individual Contributor | True | False | P
Sales Transformation 2.0 - Individual Contributor,True,False,P,https://www.shl.com/products/product-catalog/view/sales-transformation-2-0-individual-contributor/,Sales Transformation 2.0 - Individual Contributor | True | False | P
Sales Transformation Report 1.0 - Sales Manager,True,False,P,https://www.shl.com/products/product-catalog/view/sales-transformation-report-1-0-sales-manager/,Sales Transformation Report 1.0 - Sales Manager | True | False | P
Sales Transformation Report 2.0 - Sales Manager,True,False,P,https://www.shl.com/products/product-catalog/view/sales-transformation-report-2-0-sales-manager/,Sales Transformation Report 2.0 - Sales Manager | True | False | P
Salesforce Development (New),True,False,K,https://www.shl.com/products/product-catalog/view/salesforce-development-new/,Salesforce Development (New) | True | False | K
SAP ABAP (Advanced Level) (New),True,False,K,https://www.shl.com/products/product-catalog/view/sap-abap-advanced-level-new/,SAP ABAP (Advanced Level) (New) | True | False | K
SAP ABAP (Intermediate Level) (New),True,False,K,https://www.shl.com/products/product-catalog/view/sap-abap-intermediate-level-new/,SAP ABAP (Intermediate Level) (New) | True | False | K
SAP Basis (New),True,False,K,https://www.shl.com/products/product-catalog/view/sap-basis-new/,SAP Basis (New) | True | False | K
SAP Business Objects WebI (New),True,False,K,https://www.shl.com/products/product-catalog/view/sap-business-objects-webi-new/,SAP Business Objects WebI (New) | True | False | K
SAP BW (Business Warehouse) (New),True,False,K,https://www.shl.com/products/product-catalog/view/sap-bw-business-warehouse-new/,SAP BW (Business Warehouse) (New) | True | False | K
SAP HCM (Human Capital Management) (New),True,False,K,https://www.shl.com/products/product-catalog/view/sap-hcm-human-capital-management-new/,SAP HCM (Human Capital Management) (New) | True | False | K
SAP Hybris (New),True,False,K,https://www.shl.com/products/product-catalog/view/sap-hybris-new/,SAP Hybris (New) | True | False | K
SAP Materials Management (New),True,False,K,https://www.shl.com/products/product-catalog/view/sap-materials-management-new/,SAP Materials Management (New) | True | False | K
SAP SD (Sales and Distribution) (New),True,False,K,https://www.shl.com/products/product-catalog/view/sap-sd-sales-and-distribution-new/,SAP SD (Sales and Distribution) (New) | True | False | K
Social Media (New),True,False,K,https://www.shl.com/products/product-catalog/view/social-media-new/,Social Media (New) | True | False | K
Software Business Analysis,True,True,K,https://www.shl.com/products/product-catalog/view/software-business-analysis/,Software Business Analysis | True | True | K
SonarQube (New),True,False,K,https://www.shl.com/products/product-catalog/view/sonarqube-new/,SonarQube (New) | True | False | K
Spelling (U.S.) (New),True,False,K,https://www.shl.com/products/product-catalog/view/spelling-us-new/,Spelling (U.S.) (New) | True | False | K
Split Screen Typing Test - Form 1,True,False,"K, S",https://www.shl.com/products/product-catalog/view/split-screen-typing-test-form-1/,"Split Screen Typing Test - Form 1 | True | False | K, S"
Spring (New),True,False,K,https://www.shl.com/products/product-catalog/view/spring-new/,Spring (New) | True | False | K
SQL (New),True,False,K,https://www.shl.com/products/product-catalog/view/sql-new/,SQL (New) | True | False | K
SQL Server (New),True,False,K,https://www.shl.com/products/product-catalog/view/sql-server-new/,SQL Server (New) | True | False | K
SQL Server Analysis Services (SSAS) (New),True,False,K,https://www.shl.com/products/product-catalog/view/sql-server-analysis-services-ssas-new/,SQL Server Analysis Services (SSAS) (New) | True | False | K
SQL Server Integration Services (SSIS) (New),True,False,K,https://www.shl.com/products/product-catalog/view/sql-server-integration-services-ssis-new/,SQL Server Integration Services (SSIS) (New) | True | False | K
SQL Server Reporting Services (SSRS) (New),True,False,K,https://www.shl.com/products/product-catalog/view/sql-server-reporting-services-ssrs-new/,SQL Server Reporting Services (SSRS) (New) | True | False | K
Statistical Analysis System (New),True,False,K,https://www.shl.com/products/product-catalog/view/statistical-analysis-system-new/,Statistical Analysis System (New) | True | False | K
Struts (New),True,False,K,https://www.shl.com/products/product-catalog/view/struts-new/,Struts (New) | True | False | K
SVAR - Spoken English (AUS),True,False,K,https://www.shl.com/products/product-catalog/view/svar-spoken-english-aus/,SVAR - Spoken English (AUS) | True | False | K
SVAR - Spoken English (Indian Accent) (New),True,False,K,https://www.shl.com/products/product-catalog/view/svar-spoken-english-indian-accent-new/,SVAR - Spoken English (Indian Accent) (New) | True | False | K
SVAR - Spoken English (U.K.),True,False,K,https://www.shl.com/products/product-catalog/view/svar-spoken-english-uk/,SVAR - Spoken English (U.K.) | True | False | K
SVAR - Spoken English (US) (New),True,False,K,https://www.shl.com/products/product-catalog/view/svar-spoken-english-us-new/,SVAR - Spoken English (US) (New) | True | False | K
SVAR - Spoken French (Canadian) (New),True,False,K,https://www.shl.com/products/product-catalog/view/svar-spoken-french-canadian-new/,SVAR - Spoken French (Canadian) (New) | True | False | K
SVAR - Spoken French (European),True,False,K,https://www.shl.com/products/product-catalog/view/svar-spoken-french-european/,SVAR - Spoken French (European) | True | False | K
SVAR - Spoken Spanish (Castilian) (New),True,False,K,https://www.shl.com/products/product-catalog/view/svar-spoken-spanish-castilian-new/,SVAR - Spoken Spanish (Castilian) (New) | True | False | K
SVAR - Spoken Spanish (North American) (New),True,False,K,https://www.shl.com/products/product-catalog/view/svar-spoken-spanish-north-american-new/,SVAR - Spoken Spanish (North American) (New) | True | False | K
Swing (New),True,False,K,https://www.shl.com/products/product-catalog/view/swing-new/,Swing (New) | True | False | K
Tableau (New),True,False,K,https://www.shl.com/products/product-catalog/view/tableau-new/,Tableau (New) | True | False | K
Telecommunications Engineering (New),True,False,K,https://www.shl.com/products/product-catalog/view/telecommunications-engineering-new/,Telecommunications Engineering (New) | True | False | K
Search Engine Optimization (New),True,False,K,https://www.shl.com/products/product-catalog/view/search-engine-optimization-new/,Search Engine Optimization (New) | True | False | K
Selenium (New),True,False,K,https://www.shl.com/products/product-catalog/view/selenium-new/,Selenium (New) | True | False | K
Shell Scripting (New),True,False,K,https://www.shl.com/products/product-catalog/view/shell-scripting-new/,Shell Scripting (New) | True | False | K
SHL Verify Interactive - Inductive Reasoning,True,True,"A, I",https://www.shl.com/products/product-catalog/view/shl-verify-interactive-inductive-reasoning/,"SHL Verify Interactive - Inductive Reasoning | True | True | A, I"
SHL Verify Interactive - Deductive Reasoning,True,False,"A, I",https://www.shl.com/products/product-catalog/view/shl-verify-interactive-deductive-reasoning/,"SHL Verify Interactive - Deductive Reasoning | True | False | A, I"
SHL Verify Interactive - Numerical Reasoning,True,False,"A, I",https://www.shl.com/products/product-catalog/view/shl-verify-interactive-numerical-reasoning/,"SHL Verify Interactive - Numerical Reasoning | True | False | A, I"
SHL Verify Interactive G+,True,True,A,https://www.shl.com/products/product-catalog/view/shl-verify-interactive-g-plus/,SHL Verify Interactive G+ | True | True | A
SHL Verify Interactive Numerical Calculation,True,True,A,https://www.shl.com/products/product-catalog/view/shl-verify-interactive-numerical-calculation/,SHL Verify Interactive Numerical Calculation | True | True | A
Siebel Development (New),True,False,K,https://www.shl.com/products/product-catalog/view/siebel-development-new/,Siebel Development (New) | True | False | K
Smart Interview Live,True,False,P,https://www.shl.com/products/product-catalog/view/smart-interview-live/,Smart Interview Live | True | False | P
Smart Interview Live Coding,True,False,K,https://www.shl.com/products/product-catalog/view/smart-interview-live-coding/,Smart Interview Live Coding | True | False | K
Smart Interview On Demand,True,False,P,https://www.shl.com/products/product-catalog/view/smart-interview-on-demand/,Smart Interview On Demand | True | False | P
Teradata Development (New),True,False,K,https://www.shl.com/products/product-catalog/view/teradata-development-new/,Teradata Development (New) | True | False | K
Time Management (U.S.),True,True,K,https://www.shl.com/products/product-catalog/view/time-management-us/,Time Management (U.S.) | True | True | K
Training Development,True,True,K,https://www.shl.com/products/product-catalog/view/training-development/,Training Development | True | True | K
Typing (New),True,False,S,https://www.shl.com/products/product-catalog/view/typing-new/,Typing (New) | True | False | S
UiPath RPA Development (New),True,False,K,https://www.shl.com/products/product-catalog/view/uipath-rpa-development-new/,UiPath RPA Development (New) | True | False | K
Universal Competency Framework Interview Guide,True,False,"P, I",httpsD://www.shl.com/products/product-catalog/view/universal-competency-framework-interview-guide/,"Universal Competency Framework Interview Guide | True | False | P, I"
Universal Competency Framework Job profiling guide,True,False,"P, I",https://www.shl.com/products/product-catalog/view/universal-competency-framework-job-profiling-guide/,"Universal Competency Framework Job profiling guide | True | False | P, I"
Universal Competency Framework Profiler Cards (44),True,False,"P, I",https://www.shl.com/products/product-catalog/view/universal-competency-framework-profiler-cards-44/,"Universal Competency Framework Profiler Cards (44) | True | False | P, I"
UNIX (New),True,False,K,https://www.shl.com/products/product-catalog/view/unix-new/,UNIX (New) | True | False | K
VB.NET (New),True,False,K,https://www.shl.com/products/product-catalog/view/vb-net-new/,VB.NET (New) | True | False | K
Verify - Deductive Reasoning,True,True,A,https://www.shl.com/products/product-catalog/view/verify-deductive-reasoning/,Verify - Deductive Reasoning | True | True | A
Verify - Following Instructions,True,False,K,https://www.shl.com/products/product-catalog/view/verify-following-instructions/,Verify - Following Instructions | True | False | K
Verify - G+,True,True,A,https://www.shl.com/products/product-catalog/view/verify-g-plus/,Verify - G+ | True | True | A
Verify - General Ability Screen,True,True,A,https://www.shl.com/products/product-catalog/view/verify-general-ability-screen/,Verify - General Ability Screen | True | True | A
Verify - Inductive Reasoning (2014),True,True,A,https://www.shl.com/products/product-catalog/view/verify-inductive-reasoning-2014/,Verify - Inductive Reasoning (2014) | True | True | A
Verify - Numerical Ability,True,True,A,https://www.shl.com/products/product-catalog/view/verify-numerical-ability/,Verify - Numerical Ability | True | True | A
Verify - Technical Checking - Next Generation,True,False,K,https://www.shl.com/products/product-catalog/view/verify-technical-checking-next-generation/,Verify - Technical Checking - Next Generation | True | False | K
Verify - Verbal Ability - Next Generation,True,True,A,https://www.shl.com/products/product-catalog/view/verify-verbal-ability-next-generation/,Verify - Verbal Ability - Next Generation | True | True | A
Verify - Working with Information,True,False,K,https://www.shl.com/products/product-catalog/view/verify-working-with-information/,Verify - Working with Information | True | False | K
Verify G+ - Ability Test Report,True,False,A,https://www.shl.com/products/product-catalog/view/verify-g-plus-ability-test-report/,Verify G+ - Ability Test Report | True | False | A
Verify G+ - Candidate Report,True,False,A,https://www.shl.com/products/product-catalog/view/verify-g-plus-candidate-report/,Verify G+ - Candidate Report | True | False | A
Verify Interactive Ability Report,True,False,A,https://www.shl.com/products/product-catalog/view/verify-interactive-ability-report/,Verify Interactive Ability Report | True | False | A
Verify Interactive G+ Candidate Report,True,False,A,httpsSuch://www.shl.com/products/product-catalog/view/verify-interactive-g-plus-candidate-report/,Verify Interactive G+ Candidate Report | True | False | A
Verify Interactive G+ Report,True,False,A,https://www.shl.com/products/product-catalog/view/verify-interactive-g-plus-report/,Verify Interactive G+ Report | True | False | A
Verify Interactive Process Monitoring,True,False,K,https://www.shl.com/products/product-catalog/view/verify-interactive-process-monitoring/,Verify Interactive Process Monitoring | True | False | K
Virtual Assessment and Development Centers,True,False,P,https://www.shl.com/products/product-catalog/view/virtual-assessment-and-development-centers/,Virtual Assessment and Development Centers | True | False | P
Visual Basic for Applications (New),True,False,K,https://www.shl.com/products/product-catalog/view/visual-basic-for-applications-new/,Visual Basic for Applications (New) | True | False | K
Visual Comparison - UK,True,False,K,https://www.shl.com/products/product-catalog/view/visual-comparison-uk/,Visual Comparison - UK | True | False | K
Visual Comparison - US,True,False,K,https://www.shl.com/products/product-catalog/view/visual-comparison-us/,Visual Comparison - US | True | False | K
VLSI and Embedded Systems (New),True,False,K,https://www.shl.com/products/product-catalog/view/vlsi-and-embedded-systems-new/,VLSI and Embedded Systems (New) | True | False | K
What is The Value - US,True,True,K,https://www.shl.com/products/product-catalog/view/what-is-the-value-us/,What is The Value - US | True | True | K
Workplace Administration Skills (New),True,False,K,https://www.shl.com/products/product-catalog/view/workplace-administration-skills-new/,Workplace Administration Skills (New) | True | False | K
Workplace Health and Safety (New),True,False,K,https://www.shl.com/products/product-catalog/view/workplace-health-and-safety-new/,Workplace Health and Safety (New) | True | False | K
WriteX - Email Writing (Customer Service) (New),True,False,K,https://www.shl.com/products/product-catalog/view/writex-email-writing-customer-service-new/,WriteX - Email Writing (Customer Service) (New) | True | False | K
WriteX - Email Writing (Managerial) (New),True,False,K,https://www.shl.com/products/product-catalog/view/writex-email-writing-managerial-new/,WriteX - Email Writing (Managerial) (New) | True | False | K
WriteX - Email Writing (Sales) (New),True,False,"K, S",https://www.shl.com/products/product-catalog/view/writex-email-writing-sales-new/,"WriteX - Email Writing (Sales) (New) | True | False | K, S"
Written English v1,True,True,K,https://www.shl.com/products/product-catalog/view/written-english-v1/,Written English v1 | True | True | K
Written Spanish,True,True,K,https://www.shl.com/products/product-catalog/view/written-spanish/,Written Spanish | True | True | K
Zabbix (New),True,False,K,https://www.shl.com/products/product-catalog/view/zabbix-new/,Zabbix (New) | True | False | K
360 Digital Report,True,False,P,https://www.shl.com/products/product-catalog/view/360-digital-report/,360 Digital Report | True | False | P
360 Multi-Rater Feedback System (MFS),True,False,"P, I",https://www.shl.com/products/product-catalog/view/360-multi-rater-feedback-system-mfs/,"360 Multi-Rater Feedback System (MFS) | True | False | P, I"
