Individual Test Solution,Remote Testing,Adaptive/IRT,Test Type,URL
Global Skills Development Report,TRUE,FALSE,"K, I, P, S, M, V, F",https://www.shl.com/products/product-catalog/view/global-skills-development-report/
.NET Framework 4.5,TRUE,TRUE,K,https://www.shl.com/products/product-catalog/view/net-framework-4-5/
.NET MVC (New),TRUE,FALSE,K,https://www.shl.com/products/product-catalog/view/net-mvc-new/
.NET MVVM (New),TRUE,FALSE,K,https://www.shl.com/products/product-catalog/view/net-mvvm-new/
.NET WCF (New),TRUE,FALSE,K,https://www.shl.com/products/product-catalog/view/net-wcf-new/
.NET WPF (New),TRUE,FALSE,K,https://www.shl.com/products/product-catalog/view/net-wpf-new/
.NET XAML (New),TRUE,FALSE,K,https://www.shl.com/products/product-catalog/view/net-xaml-new/
Accounts Payable (New),TRUE,FALSE,K,https://www.shl.com/products/product-catalog/view/accounts-payable-new/
Accounts Payable Simulation (New),TRUE,FALSE,S,https://www.shl.com/products/product-catalog/view/accounts-payable-simulation-new/
Accounts Receivable (New),TRUE,FALSE,K,https://www.shl.com/products/product-catalog/view/accounts-receivable-new/
Accounts Receivable Simulation (New),TRUE,FALSE,S,https://www.shl.com/products/product-catalog/view/accounts-receivable-simulation-new/
ADO.NET (New),TRUE,FALSE,K,https://www.shl.com/products/product-catalog/view/ado-net-new/
Adobe Experience Manager (New),TRUE,FALSE,K,https://www.shl.com/products/product-catalog/view/adobe-experience-manager-new/
Adobe Photoshop CC,TRUE,TRUE,K,https://www.shl.com/products/product-catalog/view/adobe-photoshop-cc/
Aeronautical Engineering (New),TRUE,FALSE,K,https://www.shl.com/products/product-catalog/view/aeronautical-engineering-new/
Aerospace Engineering (New),TRUE,FALSE,K,https://www.shl.com/products/product-catalog/view/aerospace-engineering-new/
Agile Software Development,TRUE,FALSE,K,https://www.shl.com/products/product-catalog/view/agile-software-development/
Agile Testing (New),TRUE,FALSE,K,https://www.shl.com/products/product-catalog/view/agile-testing-new/
AI Skills,TRUE,FALSE,K,https://www.shl.com/products/product-catalog/view/ai-skills/
Amazon Web Services (AWS) Development (New),TRUE,FALSE,K,https://www.shl.com/products/product-catalog/view/amazon-web-services-aws-development-new/
Android Development (New),TRUE,FALSE,K,https://www.shl.com/products/product-catalog/view/android-development-new/
Angular 6 (New),TRUE,FALSE,K,https://www.shl.com/products/product-catalog/view/angular-6-new/
AngularJS (New),TRUE,FALSE,K,https://www.shl.com/products/product-catalog/view/angularjs-new/
Apache Hadoop (New),TRUE,FALSE,K,https://www.shl.com/products/product-catalog/view/apache-hadoop-new/
Apache Hadoop Extensions (New),TRUE,FALSE,K,https://www.shl.com/products/product-catalog/view/apache-hadoop-extensions-new/
Apache HBase (New),TRUE,FALSE,K,https://www.shl.com/products/product-catalog/view/apache-hbase-new/
Apache Hive (New),TRUE,FALSE,K,https://www.shl.com/products/product-catalog/view/apache-hive-new/
Apache Kafka (New),TRUE,FALSE,K,https://www.shl.com/products/product-catalog/view/apache-kafka-new/
Apache Pig (New),TRUE,FALSE,K,https://www.shl.com/products/product-catalog/view/apache-pig-new/
Apache Spark (New),TRUE,FALSE,K,https://www.shl.com/products/product-catalog/view/apache-spark-new/
ASP .NET with C# (New),TRUE,FALSE,K,https://www.shl.com/products/product-catalog/view/asp-net-with-c-sharp-new/
ASP.NET 4.5,TRUE,TRUE,K,https://www.shl.com/products/product-catalog/view/asp-net-4-5/
Assessment and Development Center Exercises,TRUE,FALSE,I,https://www.shl.com/products/product-catalog/view/assessment-and-development-center-exercises/
Automata - Fix (New),TRUE,FALSE,K,https://www.shl.com/products/product-catalog/view/automata-fix-new/
Automata - SQL (New),TRUE,FALSE,K,https://www.shl.com/products/product-catalog/view/automata-sql-new/
Automata (New),TRUE,FALSE,K,https://www.shl.com/products/product-catalog/view/automata-new/
Automata Data Science (New),TRUE,FALSE,K,https://www.shl.com/products/product-catalog/view/automata-data-science-new/
Automata Data Science Pro (New),TRUE,FALSE,K,https://www.shl.com/products/product-catalog/view/automata-data-science-pro-new/
Automata Front End,TRUE,FALSE,K,https://www.shl.com/products/product-catalog/view/automata-front-end/
Automata Pro (New),TRUE,FALSE,K,https://www.shl.com/products/product-catalog/view/automata-pro-new/
Automata Selenium,TRUE,FALSE,K,https://www.shl.com/products/product-catalog/view/automata-selenium/
Automation Anywhere RPA Development (New),TRUE,FALSE,K,https://www.shl.com/products/product-catalog/view/automation-anywhere-rpa-development-new/
Automotive Engineering (New),TRUE,FALSE,K,https://www.shl.com/products/product-catalog/view/automotive-engineering-new/
Basic Biology (New),TRUE,FALSE,K,https://www.shl.com/products/product-catalog/view/basic-biology-new/
Basic Computer Literacy (Windows 10) (New),TRUE,FALSE,K,https://www.shl.com/products/product-catalog/view/basic-computer-literacy-windows-10-new/
Basic Statistics (New),TRUE,FALSE,K,https://www.shl.com/products/product-catalog/view/basic-statistics-new/
Biochemistry (New),TRUE,FALSE,K,https://www.shl.com/products/product-catalog/view/biochemistry-new/
Biotech Lab Techniques (New),TRUE,FALSE,K,https://www.shl.com/products/product-catalog/view/biotech-lab-techniques-new/
BizTalk (New),TRUE,FALSE,K,https://www.shl.com/products/product-catalog/view/biztalk-new/
Business Communication (adaptive),TRUE,TRUE,K,https://www.shl.com/products/product-catalog/view/business-communication-adaptive/
Business Communications,TRUE,FALSE,K,https://www.shl.com/products/product-catalog/view/business-communications/
C Programming (New),TRUE,FALSE,K,https://www.shl.com/products/product-catalog/view/c-programming-new/
C# Programming (New),TRUE,FALSE,K,https://www.shl.com/products/product-catalog/view/c-sharp-programming-new/
C++ Programming (New),TRUE,FALSE,K,https://www.shl.com/products/product-catalog/view/c-plus-plus-programming-new/
Cardiology and Diabetes Management (New),TRUE,FALSE,K,https://www.shl.com/products/product-catalog/view/cardiology-and-diabetes-management-new/
Ceramic Engineering (New),TRUE,FALSE,K,https://www.shl.com/products/product-catalog/view/ceramic-engineering-new/
Chemical Engineering (New),TRUE,FALSE,K,https://www.shl.com/products/product-catalog/view/chemical-engineering-new/
Cisco AppDynamics (New),TRUE,FALSE,K,https://www.shl.com/products/product-catalog/view/cisco-appdynamics-new/
Civil Engineering (New),TRUE,FALSE,K,https://www.shl.com/products/product-catalog/view/civil-engineering-new/
Cloud Computing (New),TRUE,FALSE,K,https://www.shl.com/products/product-catalog/view/cloud-computing-new/
COBOL Programming (New),TRUE,FALSE,K,https://www.shl.com/products/product-catalog/view/cobol-programming-new/
Computer Science (New),TRUE,FALSE,K,https://www.shl.com/products/product-catalog/view/computer-science-new/
Contact Center Call Simulation (New),TRUE,FALSE,S,https://www.shl.com/products/product-catalog/view/contact-center-call-simulation-new/
Conversational Multichat Simulation (New),TRUE,FALSE,S,https://www.shl.com/products/product-catalog/view/conversational-multichat-simulation-new/
Core Java (Advanced Level) (New),TRUE,FALSE,K,https://www.shl.com/products/product-catalog/view/core-java-advanced-level-new/
Core Java (Entry Level) (New),TRUE,FALSE,K,https://www.shl.com/products/product-catalog/view/core-java-entry-level-new/
Count Out The Money,TRUE,TRUE,"S, I",https://www.shl.com/products/product-catalog/view/count-out-the-money/
CSS3 (New),TRUE,FALSE,K,https://www.shl.com/products/product-catalog/view/css3-new/
Culinary Skills (New),TRUE,FALSE,K,https://www.shl.com/products/product-catalog/view/culinary-skills-new/
Customer Service Phone Simulation,TRUE,FALSE,"S, I",httpss://www.shl.com/products/product-catalog/view/customer-service-phone-simulation/
Customer Service Phone Solution,TRUE,FALSE,"S, I, K",https://www.shl.com/products/product-catalog/view/customer-service-phone-solution/
Cyber Risk (New),TRUE,FALSE,K,https://www.shl.com/products/product-catalog/view/cyber-risk-new/
Data Entry (New),TRUE,FALSE,K,https://www.shl.com/products/product-catalog/view/data-entry-new/
Data Entry Alphanumeric Split Screen - US,TRUE,FALSE,K,https://www.shl.com/products/product-catalog/view/data-entry-alphanumeric-split-screen-us/
Data Entry Numeric Split Screen - US,TRUE,FALSE,K,https://www.shl.com/products/product-catalog/view/data-entry-numeric-split-screen-us/
Data Entry Ten Key Split Screen,TRUE,FALSE,K,https://www.shl.com/products/product-catalog/view/data-entry-ten-key-split-screen/
Data Science (New),TRUE,FALSE,K,https://www.shl.com/products/product-catalog/view/data-science-new/
Data Warehousing Concepts,TRUE,TRUE,K,https://www.shl.com/products/product-catalog/view/data-warehousing-concepts/
Dependability and Safety Instrument (DSI),TRUE,FALSE,P,https://www.shl.com/products/product-catalog/view/dependability-and-safety-instrument-dsi/
Dermatology (New),TRUE,FALSE,K,https://www.shl.com/products/product-catalog/view/dermatology-new/
Desktop Support (New),TRUE,FALSE,K,https://www.shl.com/products/product-catalog/view/desktop-support-new/
Digital Advertising (New),TRUE,FALSE,K,https://www.shl.com/products/product-catalog/view/digital-advertising-new/
Digital Readiness Development Report - IC,TRUE,FALSE,P,https://www.shl.com/products/product-catalog/view/digital-readiness-development-report-ic/
Digital Readiness Development Report - Manager,TRUE,FALSE,P,https://www.shl.com/products/product-catalog/view/digital-readiness-development-report-manager/
Docker (New),TRUE,FALSE,K,https://www.shl.com/products/product-catalog/view/docker-new/
Dojo (New),TRUE,FALSE,K,httpss://www.shl.com/products/product-catalog/view/dojo-new/
Drupal (New),TRUE,FALSE,K,https://www.shl.com/products/product-catalog/view/drupal-new/
DSI v.11 Interpretation Report,TRUE,FALSE,P,https://www.shl.com/products/product-catalog/view/dsi-v-11-interpretation-report/
Econometrics (New),TRUE,FALSE,K,https://www.shl.com/products/product-catalog/view/econometrics-new/
Economics (New),TRUE,FALSE,K,https://www.shl.com/products/product-catalog/view/economics-new/
Electrical and Electronics Engineering (New),TRUE,FALSE,K,https://www.shl.com/products/product-catalog/view/electrical-and-electronics-engineering-new/
Electrical Engineering (New),TRUE,FALSE,K,https://www.shl.com/products/product-catalog/view/electrical-engineering-new/
Electronics & Telecommunications Engineering (New),TRUE,FALSE,K,https://www.shl.com/products/product-catalog/view/electronics-telecommunications-engineering-new/
Electronics and Embedded Systems Engineering (New),TRUE,FALSE,K,https://www.shl.com/products/product-catalog/view/electronics-and-embedded-systems-engineering-new/
Electronics and Semiconductor Engineering (New),TRUE,FALSE,K,https://www.shl.com/products/product-catalog/view/electronics-and-semiconductor-engineering-new/
English Comprehension (New),TRUE,FALSE,K,https://www.shl.com/products/product-catalog/view/english-comprehension-new/
Enterprise Java Beans (New),TRUE,FALSE,K,https://www.shl.com/products/product-catalog/view/enterprise-java-beans-new/
Enterprise Leadership Report 1.0,TRUE,FALSE,P,https://www.shl.com/products/product-catalog/view/enterprise-leadership-report-1-0/
Enterprise Leadership Report 2.0,TRUE,FALSE,P,https://www.shl.com/products/product-catalog/view/enterprise-leadership-report-2-0/
Entry Level Cashier Solution,TRUE,FALSE,"K, I",https://www.shl.com/products/product-catalog/view/entry-level-cashier-solution/
Entry Level Customer Serv-Retail & Contact Center,TRUE,FALSE,K,https://www.shl.com/products/product-catalog/view/entry-level-customer-serv-retail-contact-center/
Entry Level Customer Service (General) Solution,TRUE,FALSE,"K, I",https://www.shl.com/products/product-catalog/view/entry-level-customer-service-general-solution/
Entry Level Hotel Front Desk Solution,TRUE,FALSE,"K, I",https://www.shl.com/products/product-catalog/view/entry-level-hotel-front-desk-solution/
Entry Level Sales Solution,TRUE,FALSE,"K, I, P",https://www.shl.com/products/product-catalog/view/entry-level-sales-solution/
Entry Level Technical Support Solution,TRUE,FALSE,K,https://www.shl.com/products/product-catalog/view/entry-level-technical-support-solution/
ETL Testing (New),TRUE,FALSE,K,https://www.shl.com/products/product-catalog/view/etl-testing-new/
Executive Scenarios,TRUE,FALSE,I,https://www.shl.com/products/product-catalog/view/executive-scenarios/
Executive Scenarios Narrative Report,TRUE,FALSE,I,https://www.shl.com/products/product-catalog/view/executive-scenarios-narrative-report/
Executive Scenarios Profile Report,TRUE,FALSE,I,https://www.shl.com/products/product-catalog/view/executive-scenarios-profile-report/
ExpressJS (New),TRUE,FALSE,K,https://www.shl.com/products/product-catalog/view/expressjs-new/
Filing - Names (RI),TRUE,FALSE,K,https://www.shl.com/products/product-catalog/view/filing-names-ri/
Filing - Numbers,TRUE,FALSE,K,https://www.shl.com/products/product-catalog/view/filing-numbers/
Financial Accounting (New),TRUE,FALSE,K,https://www.shl.com/products/product-catalog/view/financial-accounting-new/
Financial and Banking Services (New),TRUE,FALSE,K,https://www.shl.com/products/product-catalog/view/financial-and-banking-services-new/
Fire Engineering (New),TRUE,FALSE,K,https://www.shl.com/products/product-catalog/view/fire-engineering-new/
Following Instructions v1 - UK (RI),TRUE,FALSE,K,https://www.shl.com/products/product-catalog/view/following-instructions-v1-uk-ri/
Following Instructions v1 - US (R2),TRUE,FALSE,K,https://www.shl.com/products/product-catalog/view/following-instructions-v1-us-r2/
Food and Beverage Services (New),TRUE,FALSE,K,https://www.shl.com/products/product-catalog/view/food-and-beverage-services-new/
Food Science (New),TRUE,FALSE,K,https://www.shl.com/products/product-catalog/view/food-science-new/
Front Office Management (New),TRUE,FALSE,K,https://www.shl.com/products/product-catalog/view/front-office-management-new/
Fundamentals of Chemistry (New),TRUE,FALSE,K,https://www.shl.com/products/product-catalog/view/fundamentals-of-chemistry-new/
Fundamentals of Physics (New),TRUE,FALSE,K,https://www.shl.com/products/product-catalog/view/fundamentals-of-physics-new/
General Diseases (New),TRUE,FALSE,K,https://www.shl.com/products/product-catalog/view/general-diseases-new/
Geoinformatics Engineering (New),TRUE,FALSE,K,https://www.shl.com/products/product-catalog/view/geoinformatics-engineering-new/
Geoscience Engineering (New),TRUE,FALSE,K,https://www.shl.com/products/product-catalog/view/geoscience-engineering-new/
GIT (New),TRUE,FALSE,K,https://www.shl.com/products/product-catalog/view/git-new/
Global Skills Assessment,TRUE,FALSE,"K, I, S",https://www.shl.com/products/product-catalog/view/global-skills-assessment/
Graduate Scenarios,TRUE,FALSE,I,https://www.shl.com/products/product-catalog/view/graduate-scenarios/
Graduate Scenarios Narrative Report,TRUE,FALSE,I,https://www.shl.com/products/product-catalog/view/graduate-scenarios-narrative-report/
Graduate Scenarios Profile Report,TRUE,FALSE,I,https://www.shl.com/products/product-catalog/view/graduate-scenarios-profile-report/
Hibernate (New),TRUE,FALSE,K,https://www.shl.com/products/product-catalog/view/hibernate-new/
HIPAA (Security),TRUE,TRUE,K,https://www.shl.com/products/product-catalog/view/hipaa-security/
MFS 360 Enterprise Leadership Report,TRUE,FALSE,I,https://www.shl.com/products/product-catalog/view/mfs-360-enterprise-leadership-report/
MFS 360 UCF Group Report,TRUE,FALSE,I,https://www.shl.com/products/product-catalog/view/mfs-360-ucf-group-report/
MFS 360 UCF Performance Potential Dev Tips Report,TRUE,FALSE,I,https://www.shl.com/products/product-catalog/view/mfs-360-ucf-performance-potential-dev-tips-report/
MFS 360 UCF Standard Report,TRUE,FALSE,I,https://www.shl.com/products/product-catalog/view/mfs-360-ucf-standard-report/
Micro Focus Unified Functional Testing (New),TRUE,FALSE,K,https://www.shl.com/products/product-catalog/view/micro-focus-unified-functional-testing-new/
Microservices (New),TRUE,FALSE,K,https://www.shl.com/products/product-catalog/view/microservices-new/
Microsoft Dynamics Development (New),TRUE,FALSE,K,https://www.shl.com/products/product-catalog/view/microsoft-dynamics-development-new/
Microsoft Excel 365 - Essentials (New),TRUE,FALSE,"K, S",https://www.shl.com/products/product-catalog/view/microsoft-excel-365-essentials-new/
Microsoft Excel 365 (New),TRUE,FALSE,"K, S",https://www.shl.com/products/product-catalog/view/microsoft-excel-365-new/
Microsoft Outlook 2013 (adaptive),TRUE,TRUE,"K, S",https://www.shl.com/products/product-catalog/view/microsoft-outlook-2013-adaptive/
Microsoft PowerPoint 365 - Essentials (New),TRUE,FALSE,"K, S",https://www.shl.com/products/product-catalog/view/microsoft-powerpoint-365-essentials-new/
Microsoft SQL Server 2014 Programming,TRUE,TRUE,K,https://www.shl.com/products/product-catalog/view/microsoft-sql-server-2014-programming/
HiPo Assessment Report 1.0,TRUE,FALSE,"K, I",https://www.shl.com/products/product-catalog/view/hipo-assessment-report-1-0/
HiPo Assessment Report 2.0,TRUE,FALSE,"K, I",https://www.shl.com/products/product-catalog/view/hipo-assessment-report-2-0/
HiPo Unlocking Potential Report 2.0,TRUE,FALSE,K,https://www.shl.com/products/product-catalog/view/hipo-unlocking-potential-report-2-0/
Housekeeping (New),TRUE,FALSE,K,https://www.shl.com/products/product-catalog/view/housekeeping-new/
HTML/CSS (New),TRUE,FALSE,K,https://www.shl.com/products/product-catalog/view/html-css-new/
HTML5 (New),TRUE,FALSE,K,https://www.shl.com/products/product-catalog/view/html5-new/
Human Resources (New),TRUE,FALSE,K,https://www.shl.com/products/product-catalog/view/human-resources-new/
IBM DataStage (New),TRUE,FALSE,K,https://www.shl.com/products/product-catalog/view/ibm-datastage-new/
IBM Sterling Order Management System (New),TRUE,FALSE,K,https://www.shl.com/products/product-catalog/view/ibm-sterling-order-management-system-new/
Industrial Engineering (New),TRUE,FALSE,K,https://www.shl.com/products/product-catalog/view/industrial-engineering-new/
Informatica (Architecture) (New),TRUE,FALSE,K,https://www.shl.com/products/product-catalog/view/informatica-architecture-new/
Informatica (Developer) (New),TRUE,FALSE,K,https://www.shl.com/products/product-catalog/view/informatica-developer-new/
Microsoft Windows Server 2012 Administration,TRUE,TRUE,K,https://www.shl.com/products/product-catalog/view/microsoft-windows-server-2012-administration/
Microsoft Word 365 - Essentials (New),TRUE,FALSE,"K, S",https://www.shl.com/products/product-catalog/view/microsoft-word-365-essentials-new/
Microsoft Word 365 (New),TRUE,FALSE,"K, S",https://www.shl.com/products/product-catalog/view/microsoft-word-365-new/
Mineral Engineering (New),TRUE,FALSE,K,https://www.shl.com/products/product-catalog/view/mineral-engineering-new/
Mining Engineering (New),TRUE,FALSE,K,https://www.shl.com/products/product-catalog/view/mining-engineering-new/
Mobility (New),TRUE,FALSE,K,https://www.shl.com/products/product-catalog/view/mobility-new/
Molecular Biology (New),TRUE,FALSE,K,https://www.shl.com/products/product-catalog/view/molecular-biology-new/
MongoDB (New),TRUE,FALSE,K,https://www.shl.com/products/product-catalog/view/mongodb-new/
Motivation Questionnaire MQM5,TRUE,FALSE,P,https://www.shl.com/products/product-catalog/view/motivation-questionnaire-mqm5/
MQ Candidate Motivation Report,TRUE,FALSE,P,https://www.shl.com/products/product-catalog/view/mq-candidate-motivation-report/
MQ Employee Motivation Report,TRUE,FALSE,P,https://www.shl.com/products/product-catalog/view/mq-employee-motivation-report/
MQ Motivation Report Pack,TRUE,FALSE,P,https://www.shl.com/products/product-catalog/view/mq-motivation-report-pack/
MQ Profile,TRUE,FALSE,P,https://www.shl.com/products/product-catalog/view/mq-profile/
MS Access (New),TRUE,FALSE,K,https://www.shl.com/products/product-catalog/view/ms-access-new/
MS Excel (New),TRUE,FALSE,K,https://www.shl.com/products/product-catalog/view/ms-excel-new/
MS Office Basic Computer Literacy (New),TRUE,FALSE,K,https://www.shl.com/products/product-catalog/view/ms-office-basic-computer-literacy-new/
MS Office Basic Computer Literacy (Sim) (New),TRUE,FALSE,S,https://www.shl.com/products/product-catalog/view/ms-office-basic-computer-literacy-sim-new/
MS PowerPoint (New),TRUE,FALSE,K,https://www.shl.com/products/product-catalog/view/ms-powerpoint-new/
MS Word (New),TRUE,FALSE,K,https://www.shl.com/products/product-catalog/view/ms-word-new/
MuleSoft Development (New),TRUE,FALSE,K,https://www.shl.com/products/product-catalog/view/mulesoft-development-new/
Multitasking Ability,TRUE,FALSE,"S, I, K",https://www.shl.com/products/product-catalog/view/multitasking-ability/
Networking and Implementation (New),TRUE,FALSE,K,https://www.shl.com/products/product-catalog/view/networking-and-implementation-new/
Node.js (New),TRUE,FALSE,K,https://www.shl.com/products/product-catalog/view/node-js-new/
Nursing (New),TRUE,FALSE,K,https://www.shl.com/products/product-catalog/view/nursing-new/
Occupational Personality Questionnaire OPQ32r,TRUE,FALSE,P,https://www.shl.com/products/product-catalog/view/occupational-personality-questionnaire-opq32r/
Operations Management (New),TRUE,FALSE,K,https://www.shl.com/products/product-catalog/view/operations-management-new/
OPQ Candidate Plus Report,TRUE,FALSE,P,https://www.shl.com/products/product-catalog/view/opq-candidate-plus-report/
OPQ Candidate Report 2.0,TRUE,FALSE,P,https://www.shl.com/products/product-catalog/view/opq-candidate-report-2-0/
OPQ Emotional Intelligence Report,TRUE,FALSE,P,https://www.shl.com/products/product-catalog/view/opq-emotional-intelligence-report/
OPQ Leadership Report,TRUE,FALSE,P,https_://www.shl.com/products/product-catalog/view/opq-leadership-report/
OPQ Manager Plus Report,TRUE,FALSE,P,https://www.shl.com/products/product-catalog/view/opq-manager-plus-report/
OPQ Manager Plus Report 2.0,TRUE,FALSE,P,https://www.shl.com/products/product-catalog/view/opq-manager-plus-report-2-0/
OPQ Maximising your Learning Report,TRUE,FALSE,P,https://www.shl.com/products/product-catalog/view/opq-maximising-your-learning-report/
OPQ MO Sales Report,TRUE,FALSE,P,https://www.shl.com/products/product-catalog/view/opq-mo-sales-report/
OPQ Premium Plus Report,TRUE,FALSE,P,https://www.shl.com/products/product-catalog/view/opq-premium-plus-report/
OPQ Premium Plus Report 2.0,TRUE,FALSE,P,https://www.shl.com/products/product-catalog/view/opq-premium-plus-report-2-0/
Manual Testing (New),TRUE,FALSE,K,https://www.shl.com/products/product-catalog/view/manual-testing-new/
Manufac. & Indust. - Mechanical & Vigilance 8.0,TRUE,FALSE,"K, S",https://www.shl.com/products/product-catalog/view/manufac-indust-mechanical-vigilance-8-0/
Manufac. & Indust. - Safety & Dependability 8.0,TRUE,FALSE,P,https://www.shl.com/products/product-catalog/view/manufac-indust-safety-dependability-8-0/
Manufacturing & Industrial - Essential Focus 8.0,TRUE,FALSE,P,https://www.shl.com/products/product-catalog/view/manufacturing-industrial-essential-focus-8-0/
Manufacturing & Industrial - Mechanical Focus 8.0,TRUE,FALSE,"K, S",https://www.shl.com/products/product-catalog/view/manufacturing-industrial-mechanical-focus-8-0/
Manufacturing & Industrial - Vigilance Focus 8.0,TRUE,FALSE,"K, S",https://www.shl.com/products/product-catalog/view/manufacturing-industrial-vigilance-focus-8-0/
Marketing (New),TRUE,FALSE,K,https://www.shl.com/products/product-catalog/view/marketing-new/
Maven (New),TRUE,FALSE,K,https://www.shl.com/products/product-catalog/view/maven-new/
Mechanical Engineering (New),TRUE,FALSE,K,https://www.shl.com/products/product-catalog/view/mechanical-engineering-new/
Mechatronics Engineering (New),TRUE,FALSE,K,https://www.shl.com/products/product-catalog/view/mechatronics-engineering-new/
Medical Terminology (New),TRUE,FALSE,K,https://www.shl.com/products/product-catalog/view/medical-terminology-new/
Metallurgical Engineering (New),TRUE,FALSE,K,https://www.shl.com/products/product-catalog/view/metallurgical-engineering-new/
Accounts Receivable Simulation (New),TRUE,FALSE,S,https://www.shl.com/products/product-catalog/view/accounts-receivable-simulation-new/
ADO.NET (New),TRUE,FALSE,K,https://www.shl.com/products/product-catalog/view/ado-net-new/
Adobe Experience Manager (New),TRUE,FALSE,K,https://www.shl.com/products/product-catalog/view/adobe-experience-manager-new/
Adobe Photoshop CC,TRUE,TRUE,K,https://www.shl.com/products/product-catalog/view/adobe-photoshop-cc/
Aeronautical Engineering (New),TRUE,FALSE,K,https://www.shl.com/products/product-catalog/view/aeronautical-engineering-new/
Aerospace Engineering (New),TRUE,FALSE,K,https://www.shl.com/products/product-catalog/view/aerospace-engineering-new/
Agile Software Development,TRUE,FALSE,K,https://www.shl.com/products/product-catalog/view/agile-software-development/
Agile Testing (New),TRUE,FALSE,K,https://www.shl.com/products/product-catalog/view/agile-testing-new/
AI Skills,TRUE,FALSE,P,https://www.shl.com/products/product-catalog/view/ai-skills/
Amazon Web Services (AWS) Development (New),TRUE,FALSE,K,https://www.shl.com/products/product-catalog/view/amazon-web-services-aws-development-new/
Android Development (New),TRUE,FALSE,K,https://www.shl.com/products/product-catalog/view/android-development-new/
Angular 6 (New),TRUE,FALSE,K,https://www.shl.com/products/product-catalog/view/angular-6-new/
Jenkins (New),TRUE,FALSE,K,https://www.shl.com/products/product-catalog/view/jenkins-new/
Job Control Language (New),TRUE,FALSE,K,https://www.shl.com/products/product-catalog/view/job-control-language-new/
jQuery (New),TRUE,FALSE,K,https://www.shl.com/products/product-catalog/view/jquery-new/
Kubernetes (New),TRUE,FALSE,K,https://www.shl.com/products/product-catalog/view/kubernetes-new/
Linux Administration (New),TRUE,FALSE,K,https://www.shl.com/products/product-catalog/view/linux-administration-new/
Linux Operating System,TRUE,FALSE,K,https://www.shl.com/products/product-catalog/view/linux-operating-system/
Linux Programming (General),TRUE,TRUE,K,https://www.shl.com/products/product-catalog/view/linux-programming-general/
Load Runner (New),TRUE,FALSE,K,https://www.shl.com/products/product-catalog/view/load-runner-new/
Management Scenarios,TRUE,FALSE,I,https://www.shl.com/products/product-catalog/view/management-scenarios/
Managerial Scenarios Candidate Report,TRUE,FALSE,I,https://www.shl.com/products/product-catalog/view/managerial-scenarios-candidate-report/
Managerial Scenarios Narrative Report,TRUE,FALSE,I,https://www.shl.com/products/product-catalog/view/managerial-scenarios-narrative-report/
Managerial Scenarios Profile Report,TRUE,FALSE,I,https://www.shl.com/products/product-catalog/view/managerial-scenarios-profile-report/
Instrumentation Engineering (New),TRUE,FALSE,K,https://www.shl.com/products/product-catalog/view/instrumentation-engineering-new/
Interpersonal Communications,TRUE,TRUE,K,https://www.shl.com/products/product-catalog/view/interpersonal-communications/
Interviewing and Hiring Concepts (U.S.),TRUE,TRUE,K,https://www.shl.com/products/product-catalog/view/interviewing-and-hiring-concepts-us/
iOS Development (New),TRUE,FALSE,K,https://www.shl.com/products/product-catalog/view/ios-development-new/
ITIL (IT Infrastructure Library) (New),TRUE,FALSE,K,https://www.shl.com/products/product-catalog/view/itil-it-infrastructure-library-new/
Java 2 Platform Enterprise Edition 1.4 Fundamental,TRUE,TRUE,K,https://www.shl.com/products/product-catalog/view/java-2-platform-enterprise-edition-1-4-fundamental/
Java 8 (New),TRUE,FALSE,K,https://www.shl.com/products/product-catalog/view/java-8-new/
Java Design Patterns (New),TRUE,FALSE,K,https://www.shl.com/products/product-catalog/view/java-design-patterns-new/
Java Frameworks (New),TRUE,FALSE,K,https://www.shl.com/products/product-catalog/view/java-frameworks-new/
Java Platform Enterprise Edition 7 (Java EE 7),TRUE,TRUE,K,https://www.shl.com/products/product-catalog/view/java-platform-enterprise-edition-7-java-ee-7/
Java Web Services (New),TRUE,FALSE,K,https://www.shl.com/products/product-catalog/view/java-web-services-new/
JavaScript (New),TRUE,FALSE,K,https://www.shl.com/products/product-catalog/view/javascript-new/
OPQ Profile Report,TRUE,FALSE,P,https://www.shl.com/products/product-catalog/view/opq-profile-report/
OPQ Team Impact Group Development Report,TRUE,FALSE,P,https://www.shl.com/products/product-catalog/view/opq-team-impact-group-development-report/
OPQ Team Impact Individual Development Report,TRUE,FALSE,P,https://www.shl.com/products/product-catalog/view/opq-team-impact-individual-development-report/
OPQ Team Impact Selection Report,TRUE,FALSE,P,https://www.shl.com/products/product-catalog/view/opq-team-impact-selection-report/
OPQ Team Types & Leadership Styles Profile,TRUE,FALSE,P,https://www.shl.com/products/product-catalog/view/opq-team-types-leadership-styles-profile/
OPQ Team Types and Leadership Styles Report,TRUE,FALSE,P,https://www.shl.com/products/product-catalog/view/opq-team-types-and-leadership-styles-report/
OPQ UCF Development Action Planner Report 1.0,TRUE,FALSE,P,https://www.shl.com/products/product-catalog/view/opq-ucf-development-action-planner-report-1-0/
OPQ UCF Development Action Planner Report 2.0,TRUE,FALSE,P,https://www.shl.com/products/product-catalog/view/opq-ucf-development-action-planner-report-2-0/
OPQ Universal Competency Report 1.0,TRUE,FALSE,P,https://www.shl.com/products/product-catalog/view/opq-universal-competency-report-1-0/
OPQ Universal Competency Report 2.0,TRUE,FALSE,P,https://www.shl.com/products/product-catalog/view/opq-universal-competency-report-2-0/
OPQ User and Managers Report,TRUE,FALSE,P,https://www.shl.com/products/product-catalog/view/opq-user-and-managers-report/
OPQ User Report,TRUE,FALSE,"P, I",https://www.shl.com/products/product-catalog/view/opq-user-report/
Oracle DBA (Advanced Level) (New),TRUE,FALSE,K,https://www.shl.com/products/product-catalog/view/oracle-dba-advanced-level-new/
Oracle DBA (Entry Level) (New),TRUE,FALSE,K,https://www.shl.com/products/product-catalog/view/oracle-dba-entry-level-new/
Oracle PL/SQL (New),TRUE,FALSE,K,https://www.shl.com/products/product-catalog/view/oracle-pl-sql-new/
Oracle WebLogic Server (New),TRUE,FALSE,K,https://www.shl.com/products/product-catalog/view/oracle-weblogic-server-new/
Organic Chemistry (New),TRUE,FALSE,K,https://www.shl.com/products/product-catalog/view/organic-chemistry-new/
Paint Technology (New),TRUE,FALSE,K,https://www.shl.com/products/product-catalog/view/paint-technology-new/
Pediatrics (New),TRUE,FALSE,K,https://www.shl.com/products/product-catalog/view/pediatrics-new/
Pega Development (New),TRUE,FALSE,K,https://www.shl.com/products/product-catalog/view/pega-development-new/
Perl (New),TRUE,FALSE,K,https://www.shl.com/products/product-catalog/view/perl-new/
Petrochemical Engineering (New),TRUE,FALSE,K,https://www.shl.com/products/product-catalog/view/petrochemical-engineering-new/
Petroleum Engineering (New),TRUE,FALSE,K,https://www.shl.com/products/product-catalog/view/petroleum-engineering-new/
Pharmaceutical Analysis (New),TRUE,FALSE,K,https://www.shl.com/products/product-catalog/view/pharmaceutical-analysis-new/
Pharmaceutical Chemistry (New),TRUE,FALSE,K,https://www.shl.com/products/product-catalog/view/pharmaceutical-chemistry-new/
Pharmaceutical Science (New),TRUE,FALSE,K,https://www.shl.com/products/product-catalog/view/pharmaceutical-science-new/
Pharmaceutics (New),TRUE,FALSE,K,https://www.shl.com/products/product-catalog/view/pharmaceutics-new/
Pharmacology (New),TRUE,FALSE,K,https://www.shl.com/products/product-catalog/view/pharmacology-new/
PHP (New),TRUE,FALSE,K,https://www.shl.com/products/product-catalog/view/php-new/
PJM Development Report,TRUE,FALSE,"P, I, K",https://www.shl.com/products/product-catalog/view/pjm-development-report/
PJM Selection Report,TRUE,FALSE,"P, I, K",https://www.shl.com/products/product-catalog/view/pjm-selection-report/
Polymer Engineering (New),TRUE,FALSE,K,https://www.shl.com/products/product-catalog/view/polymer-engineering-new/
Power Electronics and Drives (New),TRUE,FALSE,K,https://www.shl.com/products/product-catalog/view/power-electronics-and-drives-new/
Power System Engineering (New),TRUE,FALSE,K,https://www.shl.com/products/product-catalog/view/power-system-engineering-new/
Prism (New),TRUE,FALSE,K,https://www.shl.com/products/product-catalog/view/prism-new/
Production and Industrial Engineering (New),TRUE,FALSE,K,https://www.shl.com/products/product-catalog/view/production-and-industrial-engineering-new/
Production Engineering (New),TRUE,FALSE,K,https://www.shl.com/products/product-catalog/view/production-engineering-new/
Programming Concepts,TRUE,TRUE,K,https://www.shl.com/products/product-catalog/view/programming-concepts/
Project Management (2013),TRUE,TRUE,K,https://www.shl.com/products/product-catalog/view/project-management-2013/
Proofreading v1,TRUE,FALSE,K,https://www.shl.com/products/product-catalog/view/proofreading-v1/
Python (New),TRUE,FALSE,K,https://www.shl.com/products/product-catalog/view/python-new/
R Programming (New),TRUE,FALSE,K,https://www.shl.com/products/product-catalog/view/r-programming-new/
ReactJS (New),TRUE,FALSE,K,https://www.shl.com/products/product-catalog/view/reactjs-new/
Reading Comprehension - English v1,TRUE,TRUE,K,https://www.shl.com/products/product-catalog/view/reading-comprehension-english-v1/
Reading Comprehension - Spanish v1,TRUE,TRUE,K,https://www.shl.com/products/product-catalog/view/reading-comprehension-spanish-v1/
Reading Comprehension v2,TRUE,TRUE,K,https://www.shl.com/products/product-catalog/view/reading-comprehension-v2/
RemoteWorkQ,TRUE,FALSE,P,https://www.shl.com/products/product-catalog/view/remoteworkq/
RemoteWorkQ Manager Report,TRUE,FALSE,P,https://www.shl.com/products/product-catalog/view/remoteworkq-manager-report/
RemoteWorkQ Participant Report,TRUE,FALSE,P,https://www.shl.com/products/product-catalog/view/remoteworkq-participant-report/
RESTful Web Services (New),TRUE,FALSE,K,https://www.shl.com/products/product-catalog/view/restful-web-services-new/
Retail Sales and Service Simulation,TRUE,FALSE,"K, S, I",https://www.shl.com/products/product-catalog/view/retail-sales-and-service-simulation/
Reviewing Forms - US (RI),TRUE,FALSE,K,https://www.shl.com/products/product-catalog/view/reviewing-forms-us-ri/
Ruby (New),TRUE,FALSE,K,https://www.shl.com/products/product-catalog/view/ruby-new/
Ruby on Rails (New),TRUE,FALSE,K,https://www.shl.com/products/product-catalog/view/ruby-on-rails-new/
Sales & Service Phone Simulation,TRUE,FALSE,"S, I",https://www.shl.com/products/product-catalog/view/sales-service-phone-simulation/
Sales & Service Phone Solution,TRUE,FALSE,"S, I, K",https://www.shl.com/products/product-catalog/view/sales-service-phone-solution/
Sales Interview Guide,TRUE,FALSE,"P, I, K",https://www.shl.com/products/product-catalog/view/sales-interview-guide/
Sales Profiler Cards,TRUE,FALSE,P,https://www.shl.com/products/product-catalog/view/sales-profiler-cards/
Sales Transformation 1.0 - Individual Contributor,TRUE,FALSE,P,https://www.shl.com/products/product-catalog/view/sales-transformation-1-0-individual-contributor/
Sales Transformation 2.0 - Individual Contributor,TRUE,FALSE,P,https://www.shl.com/products/product-catalog/view/sales-transformation-2-0-individual-contributor/
Sales Transformation Report 1.0 - Sales Manager,TRUE,FALSE,P,https://www.shl.com/products/product-catalog/view/sales-transformation-report-1-0-sales-manager/
Sales Transformation Report 2.0 - Sales Manager,TRUE,FALSE,P,https://www.shl.com/products/product-catalog/view/sales-transformation-report-2-0-sales-manager/
Salesforce Development (New),TRUE,FALSE,K,https://www.shl.com/products/product-catalog/view/salesforce-development-new/
SAP ABAP (Advanced Level) (New),TRUE,FALSE,K,https://www.shl.com/products/product-catalog/view/sap-abap-advanced-level-new/
SAP ABAP (Intermediate Level) (New),TRUE,FALSE,K,https://www.shl.com/products/product-catalog/view/sap-abap-intermediate-level-new/
SAP Basis (New),TRUE,FALSE,K,https://www.shl.com/products/product-catalog/view/sap-basis-new/
SAP Business Objects WebI (New),TRUE,FALSE,K,https://www.shl.com/products/product-catalog/view/sap-business-objects-webi-new/
SAP BW (Business Warehouse) (New),TRUE,FALSE,K,https://www.shl.com/products/product-catalog/view/sap-bw-business-warehouse-new/
SAP HCM (Human Capital Management) (New),TRUE,FALSE,K,https://www.shl.com/products/product-catalog/view/sap-hcm-human-capital-management-new/
SAP Hybris (New),TRUE,FALSE,K,https://www.shl.com/products/product-catalog/view/sap-hybris-new/
SAP Materials Management (New),TRUE,FALSE,K,https://www.shl.com/products/product-catalog/view/sap-materials-management-new/
SAP SD (Sales and Distribution) (New),TRUE,FALSE,K,https://www.shl.com/products/product-catalog/view/sap-sd-sales-and-distribution-new/
Social Media (New),TRUE,FALSE,K,https://www.shl.com/products/product-catalog/view/social-media-new/
Software Business Analysis,TRUE,TRUE,K,https://www.shl.com/products/product-catalog/view/software-business-analysis/
SonarQube (New),TRUE,FALSE,K,https://www.shl.com/products/product-catalog/view/sonarqube-new/
Spelling (U.S.) (New),TRUE,FALSE,K,https://www.shl.com/products/product-catalog/view/spelling-us-new/
Split Screen Typing Test - Form 1,TRUE,FALSE,"K, S",https://www.shl.com/products/product-catalog/view/split-screen-typing-test-form-1/
Spring (New),TRUE,FALSE,K,https://www.shl.com/products/product-catalog/view/spring-new/
SQL (New),TRUE,FALSE,K,https://www.shl.com/products/product-catalog/view/sql-new/
SQL Server (New),TRUE,FALSE,K,https://www.shl.com/products/product-catalog/view/sql-server-new/
SQL Server Analysis Services (SSAS) (New),TRUE,FALSE,K,https://www.shl.com/products/product-catalog/view/sql-server-analysis-services-ssas-new/
SQL Server Integration Services (SSIS) (New),TRUE,FALSE,K,https://www.shl.com/products/product-catalog/view/sql-server-integration-services-ssis-new/
SQL Server Reporting Services (SSRS) (New),TRUE,FALSE,K,https://www.shl.com/products/product-catalog/view/sql-server-reporting-services-ssrs-new/
Statistical Analysis System (New),TRUE,FALSE,K,https://www.shl.com/products/product-catalog/view/statistical-analysis-system-new/
Struts (New),TRUE,FALSE,K,https://www.shl.com/products/product-catalog/view/struts-new/
SVAR - Spoken English (AUS),TRUE,FALSE,K,https://www.shl.com/products/product-catalog/view/svar-spoken-english-aus/
SVAR - Spoken English (Indian Accent) (New),TRUE,FALSE,K,https://www.shl.com/products/product-catalog/view/svar-spoken-english-indian-accent-new/
SVAR - Spoken English (U.K.),TRUE,FALSE,K,https://www.shl.com/products/product-catalog/view/svar-spoken-english-uk/
SVAR - Spoken English (US) (New),TRUE,FALSE,K,https://www.shl.com/products/product-catalog/view/svar-spoken-english-us-new/
SVAR - Spoken French (Canadian) (New),TRUE,FALSE,K,https://www.shl.com/products/product-catalog/view/svar-spoken-french-canadian-new/
SVAR - Spoken French (European),TRUE,FALSE,K,https://www.shl.com/products/product-catalog/view/svar-spoken-french-european/
SVAR - Spoken Spanish (Castilian) (New),TRUE,FALSE,K,https://www.shl.com/products/product-catalog/view/svar-spoken-spanish-castilian-new/
SVAR - Spoken Spanish (North American) (New),TRUE,FALSE,K,https://www.shl.com/products/product-catalog/view/svar-spoken-spanish-north-american-new/
Swing (New),TRUE,FALSE,K,https://www.shl.com/products/product-catalog/view/swing-new/
Tableau (New),TRUE,FALSE,K,https://www.shl.com/products/product-catalog/view/tableau-new/
Telecommunications Engineering (New),TRUE,FALSE,K,https://www.shl.com/products/product-catalog/view/telecommunications-engineering-new/
Search Engine Optimization (New),TRUE,FALSE,K,https://www.shl.com/products/product-catalog/view/search-engine-optimization-new/
Selenium (New),TRUE,FALSE,K,https://www.shl.com/products/product-catalog/view/selenium-new/
Shell Scripting (New),TRUE,FALSE,K,https://www.shl.com/products/product-catalog/view/shell-scripting-new/
SHL Verify Interactive - Inductive Reasoning,TRUE,TRUE,"A, I",https://www.shl.com/products/product-catalog/view/shl-verify-interactive-inductive-reasoning/
SHL Verify Interactive - Deductive Reasoning,TRUE,FALSE,"A, I",https://www.shl.com/products/product-catalog/view/shl-verify-interactive-deductive-reasoning/
SHL Verify Interactive - Numerical Reasoning,TRUE,FALSE,"A, I",https://www.shl.com/products/product-catalog/view/shl-verify-interactive-numerical-reasoning/
SHL Verify Interactive G+,TRUE,TRUE,A,https://www.shl.com/products/product-catalog/view/shl-verify-interactive-g-plus/
SHL Verify Interactive Numerical Calculation,TRUE,TRUE,A,https://www.shl.com/products/product-catalog/view/shl-verify-interactive-numerical-calculation/
Siebel Development (New),TRUE,FALSE,K,https://www.shl.com/products/product-catalog/view/siebel-development-new/
Smart Interview Live,TRUE,FALSE,P,https://www.shl.com/products/product-catalog/view/smart-interview-live/
Smart Interview Live Coding,TRUE,FALSE,K,https://www.shl.com/products/product-catalog/view/smart-interview-live-coding/
Smart Interview On Demand,TRUE,FALSE,P,https://www.shl.com/products/product-catalog/view/smart-interview-on-demand/
Teradata Development (New),TRUE,FALSE,K,https://www.shl.com/products/product-catalog/view/teradata-development-new/
Time Management (U.S.),TRUE,TRUE,K,https://www.shl.com/products/product-catalog/view/time-management-us/
Training Development,TRUE,TRUE,K,https://www.shl.com/products/product-catalog/view/training-development/
Typing (New),TRUE,FALSE,S,https://www.shl.com/products/product-catalog/view/typing-new/
UiPath RPA Development (New),TRUE,FALSE,K,https://www.shl.com/products/product-catalog/view/uipath-rpa-development-new/
Universal Competency Framework Interview Guide,TRUE,FALSE,"P, I",httpsD://www.shl.com/products/product-catalog/view/universal-competency-framework-interview-guide/
Universal Competency Framework Job profiling guide,TRUE,FALSE,"P, I",https://www.shl.com/products/product-catalog/view/universal-competency-framework-job-profiling-guide/
Universal Competency Framework Profiler Cards (44),TRUE,FALSE,"P, I",https://www.shl.com/products/product-catalog/view/universal-competency-framework-profiler-cards-44/
UNIX (New),TRUE,FALSE,K,https://www.shl.com/products/product-catalog/view/unix-new/
VB.NET (New),TRUE,FALSE,K,https://www.shl.com/products/product-catalog/view/vb-net-new/
Verify - Deductive Reasoning,TRUE,TRUE,A,https://www.shl.com/products/product-catalog/view/verify-deductive-reasoning/
Verify - Following Instructions,TRUE,FALSE,K,https://www.shl.com/products/product-catalog/view/verify-following-instructions/
Verify - G+,TRUE,TRUE,A,https://www.shl.com/products/product-catalog/view/verify-g-plus/
Verify - General Ability Screen,TRUE,TRUE,A,https://www.shl.com/products/product-catalog/view/verify-general-ability-screen/
Verify - Inductive Reasoning (2014),TRUE,TRUE,A,https://www.shl.com/products/product-catalog/view/verify-inductive-reasoning-2014/
Verify - Numerical Ability,TRUE,TRUE,A,https://www.shl.com/products/product-catalog/view/verify-numerical-ability/
Verify - Technical Checking - Next Generation,TRUE,FALSE,K,https://www.shl.com/products/product-catalog/view/verify-technical-checking-next-generation/
Verify - Verbal Ability - Next Generation,TRUE,TRUE,A,https://www.shl.com/products/product-catalog/view/verify-verbal-ability-next-generation/
Verify - Working with Information,TRUE,FALSE,K,https://www.shl.com/products/product-catalog/view/verify-working-with-information/
Verify G+ - Ability Test Report,TRUE,FALSE,A,https://www.shl.com/products/product-catalog/view/verify-g-plus-ability-test-report/
Verify G+ - Candidate Report,TRUE,FALSE,A,https://www.shl.com/products/product-catalog/view/verify-g-plus-candidate-report/
Verify Interactive Ability Report,TRUE,FALSE,A,https://www.shl.com/products/product-catalog/view/verify-interactive-ability-report/
Verify Interactive G+ Candidate Report,TRUE,FALSE,A,httpsSuch://www.shl.com/products/product-catalog/view/verify-interactive-g-plus-candidate-report/
Verify Interactive G+ Report,TRUE,FALSE,A,https://www.shl.com/products/product-catalog/view/verify-interactive-g-plus-report/
Verify Interactive Process Monitoring,TRUE,FALSE,K,https://www.shl.com/products/product-catalog/view/verify-interactive-process-monitoring/
Virtual Assessment and Development Centers,TRUE,FALSE,P,https://www.shl.com/products/product-catalog/view/virtual-assessment-and-development-centers/
Visual Basic for Applications (New),TRUE,FALSE,K,https://www.shl.com/products/product-catalog/view/visual-basic-for-applications-new/
Visual Comparison - UK,TRUE,FALSE,K,https://www.shl.com/products/product-catalog/view/visual-comparison-uk/
Visual Comparison - US,TRUE,FALSE,K,https://www.shl.com/products/product-catalog/view/visual-comparison-us/
VLSI and Embedded Systems (New),TRUE,FALSE,K,https://www.shl.com/products/product-catalog/view/vlsi-and-embedded-systems-new/
What is The Value - US,TRUE,TRUE,K,https://www.shl.com/products/product-catalog/view/what-is-the-value-us/
Workplace Administration Skills (New),TRUE,FALSE,K,https://www.shl.com/products/product-catalog/view/workplace-administration-skills-new/
Workplace Health and Safety (New),TRUE,FALSE,K,https://www.shl.com/products/product-catalog/view/workplace-health-and-safety-new/
WriteX - Email Writing (Customer Service) (New),TRUE,FALSE,K,https://www.shl.com/products/product-catalog/view/writex-email-writing-customer-service-new/
WriteX - Email Writing (Managerial) (New),TRUE,FALSE,K,https://www.shl.com/products/product-catalog/view/writex-email-writing-managerial-new/
WriteX - Email Writing (Sales) (New),TRUE,FALSE,"K, S",https://www.shl.com/products/product-catalog/view/writex-email-writing-sales-new/
Written English v1,TRUE,TRUE,K,https://www.shl.com/products/product-catalog/view/written-english-v1/
Written Spanish,TRUE,TRUE,K,https://www.shl.com/products/product-catalog/view/written-spanish/
Zabbix (New),TRUE,FALSE,K,https://www.shl.com/products/product-catalog/view/zabbix-new/
360 Digital Report,TRUE,FALSE,P,https://www.shl.com/products/product-catalog/view/360-digital-report/
360Â° Multi-Rater Feedback System (MFS),TRUE,FALSE,"P, I",https://www.shl.com/products/product-catalog/view/360-multi-rater-feedback-system-mfs/